filename,pdf_path,size_bytes,error_message,category,recovery_notes
1000.pdf,D:\Arcanum\Projects\Foodberg\Inputs\2026.04.12 Foodberg Pdfs Part 1\2026.04.12 Foodberg Pdfs\1000.pdf,22059775,Failed to open file 'D:\\Arcanum\\Projects\\Foodberg\\Inputs\\2026.04.12 Foodberg Pdfs Part 1\\2026.04.12 Foodberg Pdfs\\1000.pdf' as type pdf.,DRM_ADEPT,Adobe ADEPT DRM (/Filter/EBX_HANDLER). Requires ADE decryption key from original machine.
1002.pdf,D:\Arcanum\Projects\Foodberg\Inputs\2026.04.12 Foodberg Pdfs Part 1\2026.04.12 Foodberg Pdfs\1002.pdf,5935030,,STRUCTURAL,Content stream corruption (truncated/broken compressed streams). Re-download from source.
1003.pdf,D:\Arcanum\Projects\Foodberg\Inputs\2026.04.12 Foodberg Pdfs Part 1\2026.04.12 Foodberg Pdfs\1003.pdf,19720950,Failed to open file 'D:\\Arcanum\\Projects\\Foodberg\\Inputs\\2026.04.12 Foodberg Pdfs Part 1\\2026.04.12 Foodberg Pdfs\\1003.pdf' as type pdf.,DRM_ADEPT,Adobe ADEPT DRM (/Filter/EBX_HANDLER). Requires ADE decryption key from original machine.
1005.pdf,D:\Arcanum\Projects\Foodberg\Inputs\2026.04.12 Foodberg Pdfs Part 1\2026.04.12 Foodberg Pdfs\1005.pdf,10798667,Failed to open file 'D:\\Arcanum\\Projects\\Foodberg\\Inputs\\2026.04.12 Foodberg Pdfs Part 1\\2026.04.12 Foodberg Pdfs\\1005.pdf' as type pdf.,DRM_ADEPT,Adobe ADEPT DRM (/Filter/EBX_HANDLER). Requires ADE decryption key from original machine.
1015.pdf,D:\Arcanum\Projects\Foodberg\Inputs\2026.04.12 Foodberg Pdfs Part 1\2026.04.12 Foodberg Pdfs\1015.pdf,10183764,Failed to open file 'D:\\Arcanum\\Projects\\Foodberg\\Inputs\\2026.04.12 Foodberg Pdfs Part 1\\2026.04.12 Foodberg Pdfs\\1015.pdf' as type pdf.,DRM_ADEPT,Adobe ADEPT DRM (/Filter/EBX_HANDLER). Requires ADE decryption key from original machine.
1032.pdf,D:\Arcanum\Projects\Foodberg\Inputs\2026.04.12 Foodberg Pdfs Part 1\2026.04.12 Foodberg Pdfs\1032.pdf,7533614,,STRUCTURAL,Content stream corruption (truncated/broken compressed streams). Re-download from source.
1059.pdf,D:\Arcanum\Projects\Foodberg\Inputs\2026.04.12 Foodberg Pdfs Part 1\2026.04.12 Foodberg Pdfs\1059.pdf,11550570,Failed to open file 'D:\\Arcanum\\Projects\\Foodberg\\Inputs\\2026.04.12 Foodberg Pdfs Part 1\\2026.04.12 Foodberg Pdfs\\1059.pdf' as type pdf.,DRM_ADEPT,Adobe ADEPT DRM (/Filter/EBX_HANDLER). Requires ADE decryption key from original machine.
1062.pdf,D:\Arcanum\Projects\Foodberg\Inputs\2026.04.12 Foodberg Pdfs Part 1\2026.04.12 Foodberg Pdfs\1062.pdf,27752780,Failed to open file 'D:\\Arcanum\\Projects\\Foodberg\\Inputs\\2026.04.12 Foodberg Pdfs Part 1\\2026.04.12 Foodberg Pdfs\\1062.pdf' as type pdf.,DRM_ADEPT,Adobe ADEPT DRM (/Filter/EBX_HANDLER). Requires ADE decryption key from original machine.
1071.pdf,D:\Arcanum\Projects\Foodberg\Inputs\2026.04.12 Foodberg Pdfs Part 1\2026.04.12 Foodberg Pdfs\1071.pdf,16569975,Failed to open file 'D:\\Arcanum\\Projects\\Foodberg\\Inputs\\2026.04.12 Foodberg Pdfs Part 1\\2026.04.12 Foodberg Pdfs\\1071.pdf' as type pdf.,DRM_ADEPT,Adobe ADEPT DRM (/Filter/EBX_HANDLER). Requires ADE decryption key from original machine.
1083.pdf,D:\Arcanum\Projects\Foodberg\Inputs\2026.04.12 Foodberg Pdfs Part 1\2026.04.12 Foodberg Pdfs\1083.pdf,16974248,Failed to open file 'D:\\Arcanum\\Projects\\Foodberg\\Inputs\\2026.04.12 Foodberg Pdfs Part 1\\2026.04.12 Foodberg Pdfs\\1083.pdf' as type pdf.,DRM_ADEPT,Adobe ADEPT DRM (/Filter/EBX_HANDLER). Requires ADE decryption key from original machine.
1099.pdf,D:\Arcanum\Projects\Foodberg\Inputs\2026.04.12 Foodberg Pdfs Part 1\2026.04.12 Foodberg Pdfs\1099.pdf,11607282,Failed to open file 'D:\\Arcanum\\Projects\\Foodberg\\Inputs\\2026.04.12 Foodberg Pdfs Part 1\\2026.04.12 Foodberg Pdfs\\1099.pdf' as type pdf.,DRM_ADEPT,Adobe ADEPT DRM (/Filter/EBX_HANDLER). Requires ADE decryption key from original machine.
110.pdf,D:\Arcanum\Projects\Foodberg\Inputs\2026.04.12 Foodberg Pdfs Part 1\2026.04.12 Foodberg Pdfs\110.pdf,2579937,,STRUCTURAL,Content stream corruption (truncated/broken compressed streams). Re-download from source.
1100.pdf,D:\Arcanum\Projects\Foodberg\Inputs\2026.04.12 Foodberg Pdfs Part 1\2026.04.12 Foodberg Pdfs\1100.pdf,17837354,Failed to open file 'D:\\Arcanum\\Projects\\Foodberg\\Inputs\\2026.04.12 Foodberg Pdfs Part 1\\2026.04.12 Foodberg Pdfs\\1100.pdf' as type pdf.,DRM_ADEPT,Adobe ADEPT DRM (/Filter/EBX_HANDLER). Requires ADE decryption key from original machine.
114.pdf,D:\Arcanum\Projects\Foodberg\Inputs\2026.04.12 Foodberg Pdfs Part 1\2026.04.12 Foodberg Pdfs\114.pdf,13406388,Failed to open file 'D:\\Arcanum\\Projects\\Foodberg\\Inputs\\2026.04.12 Foodberg Pdfs Part 1\\2026.04.12 Foodberg Pdfs\\114.pdf' as type pdf.,DRM_ADEPT,Adobe ADEPT DRM (/Filter/EBX_HANDLER). Requires ADE decryption key from original machine.
13.pdf,D:\Arcanum\Projects\Foodberg\Inputs\2026.04.12 Foodberg Pdfs Part 1\2026.04.12 Foodberg Pdfs\13.pdf,4786745,,STRUCTURAL,Content stream corruption (truncated/broken compressed streams). Re-download from source.
141.pdf,D:\Arcanum\Projects\Foodberg\Inputs\2026.04.12 Foodberg Pdfs Part 1\2026.04.12 Foodberg Pdfs\141.pdf,13834029,Failed to open file 'D:\\Arcanum\\Projects\\Foodberg\\Inputs\\2026.04.12 Foodberg Pdfs Part 1\\2026.04.12 Foodberg Pdfs\\141.pdf' as type pdf.,DRM_ADEPT,Adobe ADEPT DRM (/Filter/EBX_HANDLER). Requires ADE decryption key from original machine.
18.pdf,D:\Arcanum\Projects\Foodberg\Inputs\2026.04.12 Foodberg Pdfs Part 1\2026.04.12 Foodberg Pdfs\18.pdf,14657388,Failed to open file 'D:\\Arcanum\\Projects\\Foodberg\\Inputs\\2026.04.12 Foodberg Pdfs Part 1\\2026.04.12 Foodberg Pdfs\\18.pdf' as type pdf.,DRM_ADEPT,Adobe ADEPT DRM (/Filter/EBX_HANDLER). Requires ADE decryption key from original machine.
19.pdf,D:\Arcanum\Projects\Foodberg\Inputs\2026.04.12 Foodberg Pdfs Part 1\2026.04.12 Foodberg Pdfs\19.pdf,30244722,Failed to open file 'D:\\Arcanum\\Projects\\Foodberg\\Inputs\\2026.04.12 Foodberg Pdfs Part 1\\2026.04.12 Foodberg Pdfs\\19.pdf' as type pdf.,DRM_ADEPT,Adobe ADEPT DRM (/Filter/EBX_HANDLER). Requires ADE decryption key from original machine.
2.pdf,D:\Arcanum\Projects\Foodberg\Inputs\2026.04.12 Foodberg Pdfs Part 1\2026.04.12 Foodberg Pdfs\2.pdf,22466277,Failed to open file 'D:\\Arcanum\\Projects\\Foodberg\\Inputs\\2026.04.12 Foodberg Pdfs Part 1\\2026.04.12 Foodberg Pdfs\\2.pdf' as type pdf.,DRM_ADEPT,Adobe ADEPT DRM (/Filter/EBX_HANDLER). Requires ADE decryption key from original machine.
20.pdf,D:\Arcanum\Projects\Foodberg\Inputs\2026.04.12 Foodberg Pdfs Part 1\2026.04.12 Foodberg Pdfs\20.pdf,27532475,Failed to open file 'D:\\Arcanum\\Projects\\Foodberg\\Inputs\\2026.04.12 Foodberg Pdfs Part 1\\2026.04.12 Foodberg Pdfs\\20.pdf' as type pdf.,DRM_ADEPT,Adobe ADEPT DRM (/Filter/EBX_HANDLER). Requires ADE decryption key from original machine.
203.pdf,D:\Arcanum\Projects\Foodberg\Inputs\2026.04.12 Foodberg Pdfs Part 1\2026.04.12 Foodberg Pdfs\203.pdf,11960785,,STRUCTURAL,Content stream corruption (truncated/broken compressed streams). Re-download from source.
21.pdf,D:\Arcanum\Projects\Foodberg\Inputs\2026.04.12 Foodberg Pdfs Part 1\2026.04.12 Foodberg Pdfs\21.pdf,31324864,Failed to open file 'D:\\Arcanum\\Projects\\Foodberg\\Inputs\\2026.04.12 Foodberg Pdfs Part 1\\2026.04.12 Foodberg Pdfs\\21.pdf' as type pdf.,DRM_ADEPT,Adobe ADEPT DRM (/Filter/EBX_HANDLER). Requires ADE decryption key from original machine.
244.pdf,D:\Arcanum\Projects\Foodberg\Inputs\2026.04.12 Foodberg Pdfs Part 1\2026.04.12 Foodberg Pdfs\244.pdf,5096548,,STRUCTURAL,Content stream corruption (truncated/broken compressed streams). Re-download from source.
275.pdf,D:\Arcanum\Projects\Foodberg\Inputs\2026.04.12 Foodberg Pdfs Part 1\2026.04.12 Foodberg Pdfs\275.pdf,10883169,Failed to open file 'D:\\Arcanum\\Projects\\Foodberg\\Inputs\\2026.04.12 Foodberg Pdfs Part 1\\2026.04.12 Foodberg Pdfs\\275.pdf' as type pdf.,DRM_ADEPT,Adobe ADEPT DRM (/Filter/EBX_HANDLER). Requires ADE decryption key from original machine.
277.pdf,D:\Arcanum\Projects\Foodberg\Inputs\2026.04.12 Foodberg Pdfs Part 1\2026.04.12 Foodberg Pdfs\277.pdf,6342104,,STRUCTURAL,Content stream corruption (truncated/broken compressed streams). Re-download from source.
299.pdf,D:\Arcanum\Projects\Foodberg\Inputs\2026.04.12 Foodberg Pdfs Part 1\2026.04.12 Foodberg Pdfs\299.pdf,4278384,,STRUCTURAL,Content stream corruption (truncated/broken compressed streams). Re-download from source.
3.pdf,D:\Arcanum\Projects\Foodberg\Inputs\2026.04.12 Foodberg Pdfs Part 1\2026.04.12 Foodberg Pdfs\3.pdf,14512488,Failed to open file 'D:\\Arcanum\\Projects\\Foodberg\\Inputs\\2026.04.12 Foodberg Pdfs Part 1\\2026.04.12 Foodberg Pdfs\\3.pdf' as type pdf.,DRM_ADEPT,Adobe ADEPT DRM (/Filter/EBX_HANDLER). Requires ADE decryption key from original machine.
31.pdf,D:\Arcanum\Projects\Foodberg\Inputs\2026.04.12 Foodberg Pdfs Part 1\2026.04.12 Foodberg Pdfs\31.pdf,20702808,Failed to open file 'D:\\Arcanum\\Projects\\Foodberg\\Inputs\\2026.04.12 Foodberg Pdfs Part 1\\2026.04.12 Foodberg Pdfs\\31.pdf' as type pdf.,DRM_ADEPT,Adobe ADEPT DRM (/Filter/EBX_HANDLER). Requires ADE decryption key from original machine.
331.pdf,D:\Arcanum\Projects\Foodberg\Inputs\2026.04.12 Foodberg Pdfs Part 1\2026.04.12 Foodberg Pdfs\331.pdf,33312971,Failed to open file 'D:\\Arcanum\\Projects\\Foodberg\\Inputs\\2026.04.12 Foodberg Pdfs Part 1\\2026.04.12 Foodberg Pdfs\\331.pdf' as type pdf.,DRM_ADEPT,Adobe ADEPT DRM (/Filter/EBX_HANDLER). Requires ADE decryption key from original machine.
333.pdf,D:\Arcanum\Projects\Foodberg\Inputs\2026.04.12 Foodberg Pdfs Part 1\2026.04.12 Foodberg Pdfs\333.pdf,5896634,,STRUCTURAL,Content stream corruption (truncated/broken compressed streams). Re-download from source.
334.pdf,D:\Arcanum\Projects\Foodberg\Inputs\2026.04.12 Foodberg Pdfs Part 1\2026.04.12 Foodberg Pdfs\334.pdf,34086511,Failed to open file 'D:\\Arcanum\\Projects\\Foodberg\\Inputs\\2026.04.12 Foodberg Pdfs Part 1\\2026.04.12 Foodberg Pdfs\\334.pdf' as type pdf.,DRM_ADEPT,Adobe ADEPT DRM (/Filter/EBX_HANDLER). Requires ADE decryption key from original machine.
338.pdf,D:\Arcanum\Projects\Foodberg\Inputs\2026.04.12 Foodberg Pdfs Part 1\2026.04.12 Foodberg Pdfs\338.pdf,4084418,,STRUCTURAL,Content stream corruption (truncated/broken compressed streams). Re-download from source.
341.pdf,D:\Arcanum\Projects\Foodberg\Inputs\2026.04.12 Foodberg Pdfs Part 1\2026.04.12 Foodberg Pdfs\341.pdf,9874359,Failed to open file 'D:\\Arcanum\\Projects\\Foodberg\\Inputs\\2026.04.12 Foodberg Pdfs Part 1\\2026.04.12 Foodberg Pdfs\\341.pdf' as type pdf.,DRM_ADEPT,Adobe ADEPT DRM (/Filter/EBX_HANDLER). Requires ADE decryption key from original machine.
343.pdf,D:\Arcanum\Projects\Foodberg\Inputs\2026.04.12 Foodberg Pdfs Part 1\2026.04.12 Foodberg Pdfs\343.pdf,1967415,Failed to open file 'D:\\Arcanum\\Projects\\Foodberg\\Inputs\\2026.04.12 Foodberg Pdfs Part 1\\2026.04.12 Foodberg Pdfs\\343.pdf' as type pdf.,DRM_ADEPT,Adobe ADEPT DRM (/Filter/EBX_HANDLER). Requires ADE decryption key from original machine.
346.pdf,D:\Arcanum\Projects\Foodberg\Inputs\2026.04.12 Foodberg Pdfs Part 1\2026.04.12 Foodberg Pdfs\346.pdf,23428724,,STRUCTURAL,Content stream corruption (truncated/broken compressed streams). Re-download from source.
36.pdf,D:\Arcanum\Projects\Foodberg\Inputs\2026.04.12 Foodberg Pdfs Part 1\2026.04.12 Foodberg Pdfs\36.pdf,11583092,Failed to open file 'D:\\Arcanum\\Projects\\Foodberg\\Inputs\\2026.04.12 Foodberg Pdfs Part 1\\2026.04.12 Foodberg Pdfs\\36.pdf' as type pdf.,DRM_ADEPT,Adobe ADEPT DRM (/Filter/EBX_HANDLER). Requires ADE decryption key from original machine.
374.pdf,D:\Arcanum\Projects\Foodberg\Inputs\2026.04.12 Foodberg Pdfs Part 1\2026.04.12 Foodberg Pdfs\374.pdf,1767625,,STRUCTURAL,Content stream corruption (truncated/broken compressed streams). Re-download from source.
399.pdf,D:\Arcanum\Projects\Foodberg\Inputs\2026.04.12 Foodberg Pdfs Part 1\2026.04.12 Foodberg Pdfs\399.pdf,19545689,Failed to open file 'D:\\Arcanum\\Projects\\Foodberg\\Inputs\\2026.04.12 Foodberg Pdfs Part 1\\2026.04.12 Foodberg Pdfs\\399.pdf' as type pdf.,DRM_ADEPT,Adobe ADEPT DRM (/Filter/EBX_HANDLER). Requires ADE decryption key from original machine.
402.pdf,D:\Arcanum\Projects\Foodberg\Inputs\2026.04.12 Foodberg Pdfs Part 1\2026.04.12 Foodberg Pdfs\402.pdf,23228374,Failed to open file 'D:\\Arcanum\\Projects\\Foodberg\\Inputs\\2026.04.12 Foodberg Pdfs Part 1\\2026.04.12 Foodberg Pdfs\\402.pdf' as type pdf.,DRM_ADEPT,Adobe ADEPT DRM (/Filter/EBX_HANDLER). Requires ADE decryption key from original machine.
415.pdf,D:\Arcanum\Projects\Foodberg\Inputs\2026.04.12 Foodberg Pdfs Part 1\2026.04.12 Foodberg Pdfs\415.pdf,14282828,Failed to open file 'D:\\Arcanum\\Projects\\Foodberg\\Inputs\\2026.04.12 Foodberg Pdfs Part 1\\2026.04.12 Foodberg Pdfs\\415.pdf' as type pdf.,DRM_ADEPT,Adobe ADEPT DRM (/Filter/EBX_HANDLER). Requires ADE decryption key from original machine.
498.pdf,D:\Arcanum\Projects\Foodberg\Inputs\2026.04.12 Foodberg Pdfs Part 1\2026.04.12 Foodberg Pdfs\498.pdf,24122379,Failed to open file 'D:\\Arcanum\\Projects\\Foodberg\\Inputs\\2026.04.12 Foodberg Pdfs Part 1\\2026.04.12 Foodberg Pdfs\\498.pdf' as type pdf.,DRM_ADEPT,Adobe ADEPT DRM (/Filter/EBX_HANDLER). Requires ADE decryption key from original machine.
55.pdf,D:\Arcanum\Projects\Foodberg\Inputs\2026.04.12 Foodberg Pdfs Part 1\2026.04.12 Foodberg Pdfs\55.pdf,13221242,Failed to open file 'D:\\Arcanum\\Projects\\Foodberg\\Inputs\\2026.04.12 Foodberg Pdfs Part 1\\2026.04.12 Foodberg Pdfs\\55.pdf' as type pdf.,DRM_ADEPT,Adobe ADEPT DRM (/Filter/EBX_HANDLER). Requires ADE decryption key from original machine.
564.pdf,D:\Arcanum\Projects\Foodberg\Inputs\2026.04.12 Foodberg Pdfs Part 1\2026.04.12 Foodberg Pdfs\564.pdf,24890318,Failed to open file 'D:\\Arcanum\\Projects\\Foodberg\\Inputs\\2026.04.12 Foodberg Pdfs Part 1\\2026.04.12 Foodberg Pdfs\\564.pdf' as type pdf.,DRM_ADEPT,Adobe ADEPT DRM (/Filter/EBX_HANDLER). Requires ADE decryption key from original machine.
566.pdf,D:\Arcanum\Projects\Foodberg\Inputs\2026.04.12 Foodberg Pdfs Part 1\2026.04.12 Foodberg Pdfs\566.pdf,22561035,Failed to open file 'D:\\Arcanum\\Projects\\Foodberg\\Inputs\\2026.04.12 Foodberg Pdfs Part 1\\2026.04.12 Foodberg Pdfs\\566.pdf' as type pdf.,DRM_ADEPT,Adobe ADEPT DRM (/Filter/EBX_HANDLER). Requires ADE decryption key from original machine.
592.pdf,D:\Arcanum\Projects\Foodberg\Inputs\2026.04.12 Foodberg Pdfs Part 1\2026.04.12 Foodberg Pdfs\592.pdf,11528505,Failed to open file 'D:\\Arcanum\\Projects\\Foodberg\\Inputs\\2026.04.12 Foodberg Pdfs Part 1\\2026.04.12 Foodberg Pdfs\\592.pdf' as type pdf.,DRM_ADEPT,Adobe ADEPT DRM (/Filter/EBX_HANDLER). Requires ADE decryption key from original machine.
6.pdf,D:\Arcanum\Projects\Foodberg\Inputs\2026.04.12 Foodberg Pdfs Part 1\2026.04.12 Foodberg Pdfs\6.pdf,24372150,Failed to open file 'D:\\Arcanum\\Projects\\Foodberg\\Inputs\\2026.04.12 Foodberg Pdfs Part 1\\2026.04.12 Foodberg Pdfs\\6.pdf' as type pdf.,DRM_ADEPT,Adobe ADEPT DRM (/Filter/EBX_HANDLER). Requires ADE decryption key from original machine.
602.pdf,D:\Arcanum\Projects\Foodberg\Inputs\2026.04.12 Foodberg Pdfs Part 1\2026.04.12 Foodberg Pdfs\602.pdf,23229005,Failed to open file 'D:\\Arcanum\\Projects\\Foodberg\\Inputs\\2026.04.12 Foodberg Pdfs Part 1\\2026.04.12 Foodberg Pdfs\\602.pdf' as type pdf.,DRM_ADEPT,Adobe ADEPT DRM (/Filter/EBX_HANDLER). Requires ADE decryption key from original machine.
603.pdf,D:\Arcanum\Projects\Foodberg\Inputs\2026.04.12 Foodberg Pdfs Part 1\2026.04.12 Foodberg Pdfs\603.pdf,3670016,,STRUCTURAL,Content stream corruption (truncated/broken compressed streams). Re-download from source.
605.pdf,D:\Arcanum\Projects\Foodberg\Inputs\2026.04.12 Foodberg Pdfs Part 1\2026.04.12 Foodberg Pdfs\605.pdf,17692611,Failed to open file 'D:\\Arcanum\\Projects\\Foodberg\\Inputs\\2026.04.12 Foodberg Pdfs Part 1\\2026.04.12 Foodberg Pdfs\\605.pdf' as type pdf.,DRM_ADEPT,Adobe ADEPT DRM (/Filter/EBX_HANDLER). Requires ADE decryption key from original machine.
606.pdf,D:\Arcanum\Projects\Foodberg\Inputs\2026.04.12 Foodberg Pdfs Part 1\2026.04.12 Foodberg Pdfs\606.pdf,15574170,Failed to open file 'D:\\Arcanum\\Projects\\Foodberg\\Inputs\\2026.04.12 Foodberg Pdfs Part 1\\2026.04.12 Foodberg Pdfs\\606.pdf' as type pdf.,DRM_ADEPT,Adobe ADEPT DRM (/Filter/EBX_HANDLER). Requires ADE decryption key from original machine.
611.pdf,D:\Arcanum\Projects\Foodberg\Inputs\2026.04.12 Foodberg Pdfs Part 1\2026.04.12 Foodberg Pdfs\611.pdf,4974185,Failed to open file 'D:\\Arcanum\\Projects\\Foodberg\\Inputs\\2026.04.12 Foodberg Pdfs Part 1\\2026.04.12 Foodberg Pdfs\\611.pdf' as type pdf.,DRM_ADEPT,Adobe ADEPT DRM (/Filter/EBX_HANDLER). Requires ADE decryption key from original machine.
614.pdf,D:\Arcanum\Projects\Foodberg\Inputs\2026.04.12 Foodberg Pdfs Part 1\2026.04.12 Foodberg Pdfs\614.pdf,26488052,Failed to open file 'D:\\Arcanum\\Projects\\Foodberg\\Inputs\\2026.04.12 Foodberg Pdfs Part 1\\2026.04.12 Foodberg Pdfs\\614.pdf' as type pdf.,DRM_ADEPT,Adobe ADEPT DRM (/Filter/EBX_HANDLER). Requires ADE decryption key from original machine.
615.pdf,D:\Arcanum\Projects\Foodberg\Inputs\2026.04.12 Foodberg Pdfs Part 1\2026.04.12 Foodberg Pdfs\615.pdf,21212799,Failed to open file 'D:\\Arcanum\\Projects\\Foodberg\\Inputs\\2026.04.12 Foodberg Pdfs Part 1\\2026.04.12 Foodberg Pdfs\\615.pdf' as type pdf.,DRM_ADEPT,Adobe ADEPT DRM (/Filter/EBX_HANDLER). Requires ADE decryption key from original machine.
616.pdf,D:\Arcanum\Projects\Foodberg\Inputs\2026.04.12 Foodberg Pdfs Part 1\2026.04.12 Foodberg Pdfs\616.pdf,3149321,,STRUCTURAL,Content stream corruption (truncated/broken compressed streams). Re-download from source.
62.pdf,D:\Arcanum\Projects\Foodberg\Inputs\2026.04.12 Foodberg Pdfs Part 1\2026.04.12 Foodberg Pdfs\62.pdf,23218976,Failed to open file 'D:\\Arcanum\\Projects\\Foodberg\\Inputs\\2026.04.12 Foodberg Pdfs Part 1\\2026.04.12 Foodberg Pdfs\\62.pdf' as type pdf.,DRM_ADEPT,Adobe ADEPT DRM (/Filter/EBX_HANDLER). Requires ADE decryption key from original machine.
621.pdf,D:\Arcanum\Projects\Foodberg\Inputs\2026.04.12 Foodberg Pdfs Part 1\2026.04.12 Foodberg Pdfs\621.pdf,21489874,Failed to open file 'D:\\Arcanum\\Projects\\Foodberg\\Inputs\\2026.04.12 Foodberg Pdfs Part 1\\2026.04.12 Foodberg Pdfs\\621.pdf' as type pdf.,DRM_ADEPT,Adobe ADEPT DRM (/Filter/EBX_HANDLER). Requires ADE decryption key from original machine.
63.pdf,D:\Arcanum\Projects\Foodberg\Inputs\2026.04.12 Foodberg Pdfs Part 1\2026.04.12 Foodberg Pdfs\63.pdf,64645616,Failed to open file 'D:\\Arcanum\\Projects\\Foodberg\\Inputs\\2026.04.12 Foodberg Pdfs Part 1\\2026.04.12 Foodberg Pdfs\\63.pdf' as type pdf.,DRM_ADEPT,Adobe ADEPT DRM (/Filter/EBX_HANDLER). Requires ADE decryption key from original machine.
634.pdf,D:\Arcanum\Projects\Foodberg\Inputs\2026.04.12 Foodberg Pdfs Part 1\2026.04.12 Foodberg Pdfs\634.pdf,24705714,Failed to open file 'D:\\Arcanum\\Projects\\Foodberg\\Inputs\\2026.04.12 Foodberg Pdfs Part 1\\2026.04.12 Foodberg Pdfs\\634.pdf' as type pdf.,DRM_ADEPT,Adobe ADEPT DRM (/Filter/EBX_HANDLER). Requires ADE decryption key from original machine.
642.pdf,D:\Arcanum\Projects\Foodberg\Inputs\2026.04.12 Foodberg Pdfs Part 1\2026.04.12 Foodberg Pdfs\642.pdf,2336672,,STRUCTURAL,Content stream corruption (truncated/broken compressed streams). Re-download from source.
65.pdf,D:\Arcanum\Projects\Foodberg\Inputs\2026.04.12 Foodberg Pdfs Part 1\2026.04.12 Foodberg Pdfs\65.pdf,19592429,,STRUCTURAL,Content stream corruption (truncated/broken compressed streams). Re-download from source.
657.pdf,D:\Arcanum\Projects\Foodberg\Inputs\2026.04.12 Foodberg Pdfs Part 1\2026.04.12 Foodberg Pdfs\657.pdf,2836193,,STRUCTURAL,Content stream corruption (truncated/broken compressed streams). Re-download from source.
660.pdf,D:\Arcanum\Projects\Foodberg\Inputs\2026.04.12 Foodberg Pdfs Part 1\2026.04.12 Foodberg Pdfs\660.pdf,25475415,Failed to open file 'D:\\Arcanum\\Projects\\Foodberg\\Inputs\\2026.04.12 Foodberg Pdfs Part 1\\2026.04.12 Foodberg Pdfs\\660.pdf' as type pdf.,DRM_ADEPT,Adobe ADEPT DRM (/Filter/EBX_HANDLER). Requires ADE decryption key from original machine.
662.pdf,D:\Arcanum\Projects\Foodberg\Inputs\2026.04.12 Foodberg Pdfs Part 1\2026.04.12 Foodberg Pdfs\662.pdf,15586986,Failed to open file 'D:\\Arcanum\\Projects\\Foodberg\\Inputs\\2026.04.12 Foodberg Pdfs Part 1\\2026.04.12 Foodberg Pdfs\\662.pdf' as type pdf.,DRM_ADEPT,Adobe ADEPT DRM (/Filter/EBX_HANDLER). Requires ADE decryption key from original machine.
675.pdf,D:\Arcanum\Projects\Foodberg\Inputs\2026.04.12 Foodberg Pdfs Part 1\2026.04.12 Foodberg Pdfs\675.pdf,17112906,Failed to open file 'D:\\Arcanum\\Projects\\Foodberg\\Inputs\\2026.04.12 Foodberg Pdfs Part 1\\2026.04.12 Foodberg Pdfs\\675.pdf' as type pdf.,DRM_ADEPT,Adobe ADEPT DRM (/Filter/EBX_HANDLER). Requires ADE decryption key from original machine.
683.pdf,D:\Arcanum\Projects\Foodberg\Inputs\2026.04.12 Foodberg Pdfs Part 1\2026.04.12 Foodberg Pdfs\683.pdf,11542283,Failed to open file 'D:\\Arcanum\\Projects\\Foodberg\\Inputs\\2026.04.12 Foodberg Pdfs Part 1\\2026.04.12 Foodberg Pdfs\\683.pdf' as type pdf.,DRM_ADEPT,Adobe ADEPT DRM (/Filter/EBX_HANDLER). Requires ADE decryption key from original machine.
685.pdf,D:\Arcanum\Projects\Foodberg\Inputs\2026.04.12 Foodberg Pdfs Part 1\2026.04.12 Foodberg Pdfs\685.pdf,2976965,,STRUCTURAL,Content stream corruption (truncated/broken compressed streams). Re-download from source.
697.pdf,D:\Arcanum\Projects\Foodberg\Inputs\2026.04.12 Foodberg Pdfs Part 1\2026.04.12 Foodberg Pdfs\697.pdf,33751629,Failed to open file 'D:\\Arcanum\\Projects\\Foodberg\\Inputs\\2026.04.12 Foodberg Pdfs Part 1\\2026.04.12 Foodberg Pdfs\\697.pdf' as type pdf.,DRM_ADEPT,Adobe ADEPT DRM (/Filter/EBX_HANDLER). Requires ADE decryption key from original machine.
701.pdf,D:\Arcanum\Projects\Foodberg\Inputs\2026.04.12 Foodberg Pdfs Part 1\2026.04.12 Foodberg Pdfs\701.pdf,26784203,Failed to open file 'D:\\Arcanum\\Projects\\Foodberg\\Inputs\\2026.04.12 Foodberg Pdfs Part 1\\2026.04.12 Foodberg Pdfs\\701.pdf' as type pdf.,DRM_ADEPT,Adobe ADEPT DRM (/Filter/EBX_HANDLER). Requires ADE decryption key from original machine.
708.pdf,D:\Arcanum\Projects\Foodberg\Inputs\2026.04.12 Foodberg Pdfs Part 1\2026.04.12 Foodberg Pdfs\708.pdf,22964935,Failed to open file 'D:\\Arcanum\\Projects\\Foodberg\\Inputs\\2026.04.12 Foodberg Pdfs Part 1\\2026.04.12 Foodberg Pdfs\\708.pdf' as type pdf.,DRM_ADEPT,Adobe ADEPT DRM (/Filter/EBX_HANDLER). Requires ADE decryption key from original machine.
714.pdf,D:\Arcanum\Projects\Foodberg\Inputs\2026.04.12 Foodberg Pdfs Part 1\2026.04.12 Foodberg Pdfs\714.pdf,26564481,Failed to open file 'D:\\Arcanum\\Projects\\Foodberg\\Inputs\\2026.04.12 Foodberg Pdfs Part 1\\2026.04.12 Foodberg Pdfs\\714.pdf' as type pdf.,DRM_ADEPT,Adobe ADEPT DRM (/Filter/EBX_HANDLER). Requires ADE decryption key from original machine.
72.pdf,D:\Arcanum\Projects\Foodberg\Inputs\2026.04.12 Foodberg Pdfs Part 1\2026.04.12 Foodberg Pdfs\72.pdf,18028272,,STRUCTURAL,Content stream corruption (truncated/broken compressed streams). Re-download from source.
741.pdf,D:\Arcanum\Projects\Foodberg\Inputs\2026.04.12 Foodberg Pdfs Part 1\2026.04.12 Foodberg Pdfs\741.pdf,12233573,Failed to open file 'D:\\Arcanum\\Projects\\Foodberg\\Inputs\\2026.04.12 Foodberg Pdfs Part 1\\2026.04.12 Foodberg Pdfs\\741.pdf' as type pdf.,DRM_ADEPT,Adobe ADEPT DRM (/Filter/EBX_HANDLER). Requires ADE decryption key from original machine.
779.pdf,D:\Arcanum\Projects\Foodberg\Inputs\2026.04.12 Foodberg Pdfs Part 1\2026.04.12 Foodberg Pdfs\779.pdf,40328501,Failed to open file 'D:\\Arcanum\\Projects\\Foodberg\\Inputs\\2026.04.12 Foodberg Pdfs Part 1\\2026.04.12 Foodberg Pdfs\\779.pdf' as type pdf.,DRM_ADEPT,Adobe ADEPT DRM (/Filter/EBX_HANDLER). Requires ADE decryption key from original machine.
782.pdf,D:\Arcanum\Projects\Foodberg\Inputs\2026.04.12 Foodberg Pdfs Part 1\2026.04.12 Foodberg Pdfs\782.pdf,17787375,Failed to open file 'D:\\Arcanum\\Projects\\Foodberg\\Inputs\\2026.04.12 Foodberg Pdfs Part 1\\2026.04.12 Foodberg Pdfs\\782.pdf' as type pdf.,DRM_ADEPT,Adobe ADEPT DRM (/Filter/EBX_HANDLER). Requires ADE decryption key from original machine.
784.pdf,D:\Arcanum\Projects\Foodberg\Inputs\2026.04.12 Foodberg Pdfs Part 1\2026.04.12 Foodberg Pdfs\784.pdf,10733497,Failed to open file 'D:\\Arcanum\\Projects\\Foodberg\\Inputs\\2026.04.12 Foodberg Pdfs Part 1\\2026.04.12 Foodberg Pdfs\\784.pdf' as type pdf.,DRM_ADEPT,Adobe ADEPT DRM (/Filter/EBX_HANDLER). Requires ADE decryption key from original machine.
8.pdf,D:\Arcanum\Projects\Foodberg\Inputs\2026.04.12 Foodberg Pdfs Part 1\2026.04.12 Foodberg Pdfs\8.pdf,10455959,Failed to open file 'D:\\Arcanum\\Projects\\Foodberg\\Inputs\\2026.04.12 Foodberg Pdfs Part 1\\2026.04.12 Foodberg Pdfs\\8.pdf' as type pdf.,DRM_ADEPT,Adobe ADEPT DRM (/Filter/EBX_HANDLER). Requires ADE decryption key from original machine.
809.pdf,D:\Arcanum\Projects\Foodberg\Inputs\2026.04.12 Foodberg Pdfs Part 1\2026.04.12 Foodberg Pdfs\809.pdf,14433184,Failed to open file 'D:\\Arcanum\\Projects\\Foodberg\\Inputs\\2026.04.12 Foodberg Pdfs Part 1\\2026.04.12 Foodberg Pdfs\\809.pdf' as type pdf.,DRM_ADEPT,Adobe ADEPT DRM (/Filter/EBX_HANDLER). Requires ADE decryption key from original machine.
811.pdf,D:\Arcanum\Projects\Foodberg\Inputs\2026.04.12 Foodberg Pdfs Part 1\2026.04.12 Foodberg Pdfs\811.pdf,153412918,,STRUCTURAL,Content stream corruption (truncated/broken compressed streams). Re-download from source.
821.pdf,D:\Arcanum\Projects\Foodberg\Inputs\2026.04.12 Foodberg Pdfs Part 1\2026.04.12 Foodberg Pdfs\821.pdf,35983535,Failed to open file 'D:\\Arcanum\\Projects\\Foodberg\\Inputs\\2026.04.12 Foodberg Pdfs Part 1\\2026.04.12 Foodberg Pdfs\\821.pdf' as type pdf.,DRM_ADEPT,Adobe ADEPT DRM (/Filter/EBX_HANDLER). Requires ADE decryption key from original machine.
829.pdf,D:\Arcanum\Projects\Foodberg\Inputs\2026.04.12 Foodberg Pdfs Part 1\2026.04.12 Foodberg Pdfs\829.pdf,24970660,Failed to open file 'D:\\Arcanum\\Projects\\Foodberg\\Inputs\\2026.04.12 Foodberg Pdfs Part 1\\2026.04.12 Foodberg Pdfs\\829.pdf' as type pdf.,DRM_ADEPT,Adobe ADEPT DRM (/Filter/EBX_HANDLER). Requires ADE decryption key from original machine.
832.pdf,D:\Arcanum\Projects\Foodberg\Inputs\2026.04.12 Foodberg Pdfs Part 1\2026.04.12 Foodberg Pdfs\832.pdf,5215296,,STRUCTURAL,Content stream corruption (truncated/broken compressed streams). Re-download from source.
836.pdf,D:\Arcanum\Projects\Foodberg\Inputs\2026.04.12 Foodberg Pdfs Part 1\2026.04.12 Foodberg Pdfs\836.pdf,16261633,Failed to open file 'D:\\Arcanum\\Projects\\Foodberg\\Inputs\\2026.04.12 Foodberg Pdfs Part 1\\2026.04.12 Foodberg Pdfs\\836.pdf' as type pdf.,DRM_ADEPT,Adobe ADEPT DRM (/Filter/EBX_HANDLER). Requires ADE decryption key from original machine.
851.pdf,D:\Arcanum\Projects\Foodberg\Inputs\2026.04.12 Foodberg Pdfs Part 1\2026.04.12 Foodberg Pdfs\851.pdf,3405291,,STRUCTURAL,Content stream corruption (truncated/broken compressed streams). Re-download from source.
859.pdf,D:\Arcanum\Projects\Foodberg\Inputs\2026.04.12 Foodberg Pdfs Part 1\2026.04.12 Foodberg Pdfs\859.pdf,12365056,Failed to open file 'D:\\Arcanum\\Projects\\Foodberg\\Inputs\\2026.04.12 Foodberg Pdfs Part 1\\2026.04.12 Foodberg Pdfs\\859.pdf' as type pdf.,DRM_ADEPT,Adobe ADEPT DRM (/Filter/EBX_HANDLER). Requires ADE decryption key from original machine.
862.pdf,D:\Arcanum\Projects\Foodberg\Inputs\2026.04.12 Foodberg Pdfs Part 1\2026.04.12 Foodberg Pdfs\862.pdf,72726410,Failed to open file 'D:\\Arcanum\\Projects\\Foodberg\\Inputs\\2026.04.12 Foodberg Pdfs Part 1\\2026.04.12 Foodberg Pdfs\\862.pdf' as type pdf.,DRM_ADEPT,Adobe ADEPT DRM (/Filter/EBX_HANDLER). Requires ADE decryption key from original machine.
864.pdf,D:\Arcanum\Projects\Foodberg\Inputs\2026.04.12 Foodberg Pdfs Part 1\2026.04.12 Foodberg Pdfs\864.pdf,13471719,Failed to open file 'D:\\Arcanum\\Projects\\Foodberg\\Inputs\\2026.04.12 Foodberg Pdfs Part 1\\2026.04.12 Foodberg Pdfs\\864.pdf' as type pdf.,DRM_ADEPT,Adobe ADEPT DRM (/Filter/EBX_HANDLER). Requires ADE decryption key from original machine.
865.pdf,D:\Arcanum\Projects\Foodberg\Inputs\2026.04.12 Foodberg Pdfs Part 1\2026.04.12 Foodberg Pdfs\865.pdf,43469086,Failed to open file 'D:\\Arcanum\\Projects\\Foodberg\\Inputs\\2026.04.12 Foodberg Pdfs Part 1\\2026.04.12 Foodberg Pdfs\\865.pdf' as type pdf.,DRM_ADEPT,Adobe ADEPT DRM (/Filter/EBX_HANDLER). Requires ADE decryption key from original machine.
872.pdf,D:\Arcanum\Projects\Foodberg\Inputs\2026.04.12 Foodberg Pdfs Part 1\2026.04.12 Foodberg Pdfs\872.pdf,20243530,Failed to open file 'D:\\Arcanum\\Projects\\Foodberg\\Inputs\\2026.04.12 Foodberg Pdfs Part 1\\2026.04.12 Foodberg Pdfs\\872.pdf' as type pdf.,DRM_ADEPT,Adobe ADEPT DRM (/Filter/EBX_HANDLER). Requires ADE decryption key from original machine.
873.pdf,D:\Arcanum\Projects\Foodberg\Inputs\2026.04.12 Foodberg Pdfs Part 1\2026.04.12 Foodberg Pdfs\873.pdf,15322472,Failed to open file 'D:\\Arcanum\\Projects\\Foodberg\\Inputs\\2026.04.12 Foodberg Pdfs Part 1\\2026.04.12 Foodberg Pdfs\\873.pdf' as type pdf.,DRM_ADEPT,Adobe ADEPT DRM (/Filter/EBX_HANDLER). Requires ADE decryption key from original machine.
874.pdf,D:\Arcanum\Projects\Foodberg\Inputs\2026.04.12 Foodberg Pdfs Part 1\2026.04.12 Foodberg Pdfs\874.pdf,23327410,Failed to open file 'D:\\Arcanum\\Projects\\Foodberg\\Inputs\\2026.04.12 Foodberg Pdfs Part 1\\2026.04.12 Foodberg Pdfs\\874.pdf' as type pdf.,DRM_ADEPT,Adobe ADEPT DRM (/Filter/EBX_HANDLER). Requires ADE decryption key from original machine.
879.pdf,D:\Arcanum\Projects\Foodberg\Inputs\2026.04.12 Foodberg Pdfs Part 1\2026.04.12 Foodberg Pdfs\879.pdf,21564095,Failed to open file 'D:\\Arcanum\\Projects\\Foodberg\\Inputs\\2026.04.12 Foodberg Pdfs Part 1\\2026.04.12 Foodberg Pdfs\\879.pdf' as type pdf.,DRM_ADEPT,Adobe ADEPT DRM (/Filter/EBX_HANDLER). Requires ADE decryption key from original machine.
883.pdf,D:\Arcanum\Projects\Foodberg\Inputs\2026.04.12 Foodberg Pdfs Part 1\2026.04.12 Foodberg Pdfs\883.pdf,24374612,Failed to open file 'D:\\Arcanum\\Projects\\Foodberg\\Inputs\\2026.04.12 Foodberg Pdfs Part 1\\2026.04.12 Foodberg Pdfs\\883.pdf' as type pdf.,DRM_ADEPT,Adobe ADEPT DRM (/Filter/EBX_HANDLER). Requires ADE decryption key from original machine.
888.pdf,D:\Arcanum\Projects\Foodberg\Inputs\2026.04.12 Foodberg Pdfs Part 1\2026.04.12 Foodberg Pdfs\888.pdf,10798667,Failed to open file 'D:\\Arcanum\\Projects\\Foodberg\\Inputs\\2026.04.12 Foodberg Pdfs Part 1\\2026.04.12 Foodberg Pdfs\\888.pdf' as type pdf.,DRM_ADEPT,Adobe ADEPT DRM (/Filter/EBX_HANDLER). Requires ADE decryption key from original machine.
890.pdf,D:\Arcanum\Projects\Foodberg\Inputs\2026.04.12 Foodberg Pdfs Part 1\2026.04.12 Foodberg Pdfs\890.pdf,15156659,Failed to open file 'D:\\Arcanum\\Projects\\Foodberg\\Inputs\\2026.04.12 Foodberg Pdfs Part 1\\2026.04.12 Foodberg Pdfs\\890.pdf' as type pdf.,DRM_ADEPT,Adobe ADEPT DRM (/Filter/EBX_HANDLER). Requires ADE decryption key from original machine.
891.pdf,D:\Arcanum\Projects\Foodberg\Inputs\2026.04.12 Foodberg Pdfs Part 1\2026.04.12 Foodberg Pdfs\891.pdf,13941807,Failed to open file 'D:\\Arcanum\\Projects\\Foodberg\\Inputs\\2026.04.12 Foodberg Pdfs Part 1\\2026.04.12 Foodberg Pdfs\\891.pdf' as type pdf.,DRM_ADEPT,Adobe ADEPT DRM (/Filter/EBX_HANDLER). Requires ADE decryption key from original machine.
894.pdf,D:\Arcanum\Projects\Foodberg\Inputs\2026.04.12 Foodberg Pdfs Part 1\2026.04.12 Foodberg Pdfs\894.pdf,12397546,Failed to open file 'D:\\Arcanum\\Projects\\Foodberg\\Inputs\\2026.04.12 Foodberg Pdfs Part 1\\2026.04.12 Foodberg Pdfs\\894.pdf' as type pdf.,DRM_ADEPT,Adobe ADEPT DRM (/Filter/EBX_HANDLER). Requires ADE decryption key from original machine.
908.pdf,D:\Arcanum\Projects\Foodberg\Inputs\2026.04.12 Foodberg Pdfs Part 1\2026.04.12 Foodberg Pdfs\908.pdf,3775354,,STRUCTURAL,Content stream corruption (truncated/broken compressed streams). Re-download from source.
95.pdf,D:\Arcanum\Projects\Foodberg\Inputs\2026.04.12 Foodberg Pdfs Part 1\2026.04.12 Foodberg Pdfs\95.pdf,2917329,,STRUCTURAL,Content stream corruption (truncated/broken compressed streams). Re-download from source.
961.pdf,D:\Arcanum\Projects\Foodberg\Inputs\2026.04.12 Foodberg Pdfs Part 1\2026.04.12 Foodberg Pdfs\961.pdf,15828928,,STRUCTURAL,Content stream corruption (truncated/broken compressed streams). Re-download from source.
965.pdf,D:\Arcanum\Projects\Foodberg\Inputs\2026.04.12 Foodberg Pdfs Part 1\2026.04.12 Foodberg Pdfs\965.pdf,23764177,Failed to open file 'D:\\Arcanum\\Projects\\Foodberg\\Inputs\\2026.04.12 Foodberg Pdfs Part 1\\2026.04.12 Foodberg Pdfs\\965.pdf' as type pdf.,DRM_ADEPT,Adobe ADEPT DRM (/Filter/EBX_HANDLER). Requires ADE decryption key from original machine.
967.pdf,D:\Arcanum\Projects\Foodberg\Inputs\2026.04.12 Foodberg Pdfs Part 1\2026.04.12 Foodberg Pdfs\967.pdf,11565994,Failed to open file 'D:\\Arcanum\\Projects\\Foodberg\\Inputs\\2026.04.12 Foodberg Pdfs Part 1\\2026.04.12 Foodberg Pdfs\\967.pdf' as type pdf.,DRM_ADEPT,Adobe ADEPT DRM (/Filter/EBX_HANDLER). Requires ADE decryption key from original machine.
970.pdf,D:\Arcanum\Projects\Foodberg\Inputs\2026.04.12 Foodberg Pdfs Part 1\2026.04.12 Foodberg Pdfs\970.pdf,22486845,Failed to open file 'D:\\Arcanum\\Projects\\Foodberg\\Inputs\\2026.04.12 Foodberg Pdfs Part 1\\2026.04.12 Foodberg Pdfs\\970.pdf' as type pdf.,DRM_ADEPT,Adobe ADEPT DRM (/Filter/EBX_HANDLER). Requires ADE decryption key from original machine.
974.pdf,D:\Arcanum\Projects\Foodberg\Inputs\2026.04.12 Foodberg Pdfs Part 1\2026.04.12 Foodberg Pdfs\974.pdf,21250916,Failed to open file 'D:\\Arcanum\\Projects\\Foodberg\\Inputs\\2026.04.12 Foodberg Pdfs Part 1\\2026.04.12 Foodberg Pdfs\\974.pdf' as type pdf.,DRM_ADEPT,Adobe ADEPT DRM (/Filter/EBX_HANDLER). Requires ADE decryption key from original machine.
98.pdf,D:\Arcanum\Projects\Foodberg\Inputs\2026.04.12 Foodberg Pdfs Part 1\2026.04.12 Foodberg Pdfs\98.pdf,42960892,Failed to open file 'D:\\Arcanum\\Projects\\Foodberg\\Inputs\\2026.04.12 Foodberg Pdfs Part 1\\2026.04.12 Foodberg Pdfs\\98.pdf' as type pdf.,DRM_ADEPT,Adobe ADEPT DRM (/Filter/EBX_HANDLER). Requires ADE decryption key from original machine.
989.pdf,D:\Arcanum\Projects\Foodberg\Inputs\2026.04.12 Foodberg Pdfs Part 1\2026.04.12 Foodberg Pdfs\989.pdf,12365056,Failed to open file 'D:\\Arcanum\\Projects\\Foodberg\\Inputs\\2026.04.12 Foodberg Pdfs Part 1\\2026.04.12 Foodberg Pdfs\\989.pdf' as type pdf.,DRM_ADEPT,Adobe ADEPT DRM (/Filter/EBX_HANDLER). Requires ADE decryption key from original machine.
990.pdf,D:\Arcanum\Projects\Foodberg\Inputs\2026.04.12 Foodberg Pdfs Part 1\2026.04.12 Foodberg Pdfs\990.pdf,18546654,Failed to open file 'D:\\Arcanum\\Projects\\Foodberg\\Inputs\\2026.04.12 Foodberg Pdfs Part 1\\2026.04.12 Foodberg Pdfs\\990.pdf' as type pdf.,DRM_ADEPT,Adobe ADEPT DRM (/Filter/EBX_HANDLER). Requires ADE decryption key from original machine.
991.pdf,D:\Arcanum\Projects\Foodberg\Inputs\2026.04.12 Foodberg Pdfs Part 1\2026.04.12 Foodberg Pdfs\991.pdf,12698946,Failed to open file 'D:\\Arcanum\\Projects\\Foodberg\\Inputs\\2026.04.12 Foodberg Pdfs Part 1\\2026.04.12 Foodberg Pdfs\\991.pdf' as type pdf.,DRM_ADEPT,Adobe ADEPT DRM (/Filter/EBX_HANDLER). Requires ADE decryption key from original machine.
993.pdf,D:\Arcanum\Projects\Foodberg\Inputs\2026.04.12 Foodberg Pdfs Part 1\2026.04.12 Foodberg Pdfs\993.pdf,15051573,Failed to open file 'D:\\Arcanum\\Projects\\Foodberg\\Inputs\\2026.04.12 Foodberg Pdfs Part 1\\2026.04.12 Foodberg Pdfs\\993.pdf' as type pdf.,DRM_ADEPT,Adobe ADEPT DRM (/Filter/EBX_HANDLER). Requires ADE decryption key from original machine.
997.pdf,D:\Arcanum\Projects\Foodberg\Inputs\2026.04.12 Foodberg Pdfs Part 1\2026.04.12 Foodberg Pdfs\997.pdf,12854590,Failed to open file 'D:\\Arcanum\\Projects\\Foodberg\\Inputs\\2026.04.12 Foodberg Pdfs Part 1\\2026.04.12 Foodberg Pdfs\\997.pdf' as type pdf.,DRM_ADEPT,Adobe ADEPT DRM (/Filter/EBX_HANDLER). Requires ADE decryption key from original machine.
1277.pdf,D:\Arcanum\Projects\Foodberg\Inputs\2026.04.12 Foodberg Pdfs Part 2\2026.04.12 Foodberg Pdfs\1277.pdf,22523362,Failed to open file 'D:\\Arcanum\\Projects\\Foodberg\\Inputs\\2026.04.12 Foodberg Pdfs Part 2\\2026.04.12 Foodberg Pdfs\\1277.pdf' as type pdf.,DRM_ADEPT,Adobe ADEPT DRM (/Filter/EBX_HANDLER). Requires ADE decryption key from original machine.
1279.pdf,D:\Arcanum\Projects\Foodberg\Inputs\2026.04.12 Foodberg Pdfs Part 2\2026.04.12 Foodberg Pdfs\1279.pdf,11532130,Failed to open file 'D:\\Arcanum\\Projects\\Foodberg\\Inputs\\2026.04.12 Foodberg Pdfs Part 2\\2026.04.12 Foodberg Pdfs\\1279.pdf' as type pdf.,DRM_ADEPT,Adobe ADEPT DRM (/Filter/EBX_HANDLER). Requires ADE decryption key from original machine.
1304.pdf,D:\Arcanum\Projects\Foodberg\Inputs\2026.04.12 Foodberg Pdfs Part 2\2026.04.12 Foodberg Pdfs\1304.pdf,16261633,Failed to open file 'D:\\Arcanum\\Projects\\Foodberg\\Inputs\\2026.04.12 Foodberg Pdfs Part 2\\2026.04.12 Foodberg Pdfs\\1304.pdf' as type pdf.,DRM_ADEPT,Adobe ADEPT DRM (/Filter/EBX_HANDLER). Requires ADE decryption key from original machine.
1371.pdf,D:\Arcanum\Projects\Foodberg\Inputs\2026.04.12 Foodberg Pdfs Part 2\2026.04.12 Foodberg Pdfs\1371.pdf,17217603,Failed to open file 'D:\\Arcanum\\Projects\\Foodberg\\Inputs\\2026.04.12 Foodberg Pdfs Part 2\\2026.04.12 Foodberg Pdfs\\1371.pdf' as type pdf.,DRM_ADEPT,Adobe ADEPT DRM (/Filter/EBX_HANDLER). Requires ADE decryption key from original machine.
1373.pdf,D:\Arcanum\Projects\Foodberg\Inputs\2026.04.12 Foodberg Pdfs Part 2\2026.04.12 Foodberg Pdfs\1373.pdf,15781923,Failed to open file 'D:\\Arcanum\\Projects\\Foodberg\\Inputs\\2026.04.12 Foodberg Pdfs Part 2\\2026.04.12 Foodberg Pdfs\\1373.pdf' as type pdf.,DRM_ADEPT,Adobe ADEPT DRM (/Filter/EBX_HANDLER). Requires ADE decryption key from original machine.
1381.pdf,D:\Arcanum\Projects\Foodberg\Inputs\2026.04.12 Foodberg Pdfs Part 2\2026.04.12 Foodberg Pdfs\1381.pdf,16656194,Failed to open file 'D:\\Arcanum\\Projects\\Foodberg\\Inputs\\2026.04.12 Foodberg Pdfs Part 2\\2026.04.12 Foodberg Pdfs\\1381.pdf' as type pdf.,DRM_ADEPT,Adobe ADEPT DRM (/Filter/EBX_HANDLER). Requires ADE decryption key from original machine.
1383.pdf,D:\Arcanum\Projects\Foodberg\Inputs\2026.04.12 Foodberg Pdfs Part 2\2026.04.12 Foodberg Pdfs\1383.pdf,16955934,Failed to open file 'D:\\Arcanum\\Projects\\Foodberg\\Inputs\\2026.04.12 Foodberg Pdfs Part 2\\2026.04.12 Foodberg Pdfs\\1383.pdf' as type pdf.,DRM_ADEPT,Adobe ADEPT DRM (/Filter/EBX_HANDLER). Requires ADE decryption key from original machine.
1386.pdf,D:\Arcanum\Projects\Foodberg\Inputs\2026.04.12 Foodberg Pdfs Part 2\2026.04.12 Foodberg Pdfs\1386.pdf,21167876,Failed to open file 'D:\\Arcanum\\Projects\\Foodberg\\Inputs\\2026.04.12 Foodberg Pdfs Part 2\\2026.04.12 Foodberg Pdfs\\1386.pdf' as type pdf.,DRM_ADEPT,Adobe ADEPT DRM (/Filter/EBX_HANDLER). Requires ADE decryption key from original machine.
1389.pdf,D:\Arcanum\Projects\Foodberg\Inputs\2026.04.12 Foodberg Pdfs Part 2\2026.04.12 Foodberg Pdfs\1389.pdf,4699849,,STRUCTURAL,Content stream corruption (truncated/broken compressed streams). Re-download from source.
1390.pdf,D:\Arcanum\Projects\Foodberg\Inputs\2026.04.12 Foodberg Pdfs Part 2\2026.04.12 Foodberg Pdfs\1390.pdf,48660772,Failed to open file 'D:\\Arcanum\\Projects\\Foodberg\\Inputs\\2026.04.12 Foodberg Pdfs Part 2\\2026.04.12 Foodberg Pdfs\\1390.pdf' as type pdf.,DRM_ADEPT,Adobe ADEPT DRM (/Filter/EBX_HANDLER). Requires ADE decryption key from original machine.
1391.pdf,D:\Arcanum\Projects\Foodberg\Inputs\2026.04.12 Foodberg Pdfs Part 2\2026.04.12 Foodberg Pdfs\1391.pdf,30701128,,STRUCTURAL,Content stream corruption (truncated/broken compressed streams). Re-download from source.
1394.pdf,D:\Arcanum\Projects\Foodberg\Inputs\2026.04.12 Foodberg Pdfs Part 2\2026.04.12 Foodberg Pdfs\1394.pdf,17808412,Failed to open file 'D:\\Arcanum\\Projects\\Foodberg\\Inputs\\2026.04.12 Foodberg Pdfs Part 2\\2026.04.12 Foodberg Pdfs\\1394.pdf' as type pdf.,DRM_ADEPT,Adobe ADEPT DRM (/Filter/EBX_HANDLER). Requires ADE decryption key from original machine.
1400.pdf,D:\Arcanum\Projects\Foodberg\Inputs\2026.04.12 Foodberg Pdfs Part 2\2026.04.12 Foodberg Pdfs\1400.pdf,55843244,Failed to open file 'D:\\Arcanum\\Projects\\Foodberg\\Inputs\\2026.04.12 Foodberg Pdfs Part 2\\2026.04.12 Foodberg Pdfs\\1400.pdf' as type pdf.,DRM_ADEPT,Adobe ADEPT DRM (/Filter/EBX_HANDLER). Requires ADE decryption key from original machine.
1401.pdf,D:\Arcanum\Projects\Foodberg\Inputs\2026.04.12 Foodberg Pdfs Part 2\2026.04.12 Foodberg Pdfs\1401.pdf,12012326,Failed to open file 'D:\\Arcanum\\Projects\\Foodberg\\Inputs\\2026.04.12 Foodberg Pdfs Part 2\\2026.04.12 Foodberg Pdfs\\1401.pdf' as type pdf.,DRM_ADEPT,Adobe ADEPT DRM (/Filter/EBX_HANDLER). Requires ADE decryption key from original machine.
1404.pdf,D:\Arcanum\Projects\Foodberg\Inputs\2026.04.12 Foodberg Pdfs Part 2\2026.04.12 Foodberg Pdfs\1404.pdf,28553499,Failed to open file 'D:\\Arcanum\\Projects\\Foodberg\\Inputs\\2026.04.12 Foodberg Pdfs Part 2\\2026.04.12 Foodberg Pdfs\\1404.pdf' as type pdf.,DRM_ADEPT,Adobe ADEPT DRM (/Filter/EBX_HANDLER). Requires ADE decryption key from original machine.
1406.pdf,D:\Arcanum\Projects\Foodberg\Inputs\2026.04.12 Foodberg Pdfs Part 2\2026.04.12 Foodberg Pdfs\1406.pdf,61883915,Failed to open file 'D:\\Arcanum\\Projects\\Foodberg\\Inputs\\2026.04.12 Foodberg Pdfs Part 2\\2026.04.12 Foodberg Pdfs\\1406.pdf' as type pdf.,DRM_ADEPT,Adobe ADEPT DRM (/Filter/EBX_HANDLER). Requires ADE decryption key from original machine.
1414.pdf,D:\Arcanum\Projects\Foodberg\Inputs\2026.04.12 Foodberg Pdfs Part 2\2026.04.12 Foodberg Pdfs\1414.pdf,4877609,,STRUCTURAL,Content stream corruption (truncated/broken compressed streams). Re-download from source.
1420.pdf,D:\Arcanum\Projects\Foodberg\Inputs\2026.04.12 Foodberg Pdfs Part 2\2026.04.12 Foodberg Pdfs\1420.pdf,26129064,Failed to open file 'D:\\Arcanum\\Projects\\Foodberg\\Inputs\\2026.04.12 Foodberg Pdfs Part 2\\2026.04.12 Foodberg Pdfs\\1420.pdf' as type pdf.,DRM_ADEPT,Adobe ADEPT DRM (/Filter/EBX_HANDLER). Requires ADE decryption key from original machine.
1424.pdf,D:\Arcanum\Projects\Foodberg\Inputs\2026.04.12 Foodberg Pdfs Part 2\2026.04.12 Foodberg Pdfs\1424.pdf,24459650,Failed to open file 'D:\\Arcanum\\Projects\\Foodberg\\Inputs\\2026.04.12 Foodberg Pdfs Part 2\\2026.04.12 Foodberg Pdfs\\1424.pdf' as type pdf.,DRM_ADEPT,Adobe ADEPT DRM (/Filter/EBX_HANDLER). Requires ADE decryption key from original machine.
1425.pdf,D:\Arcanum\Projects\Foodberg\Inputs\2026.04.12 Foodberg Pdfs Part 2\2026.04.12 Foodberg Pdfs\1425.pdf,17401371,Failed to open file 'D:\\Arcanum\\Projects\\Foodberg\\Inputs\\2026.04.12 Foodberg Pdfs Part 2\\2026.04.12 Foodberg Pdfs\\1425.pdf' as type pdf.,DRM_ADEPT,Adobe ADEPT DRM (/Filter/EBX_HANDLER). Requires ADE decryption key from original machine.
1430.pdf,D:\Arcanum\Projects\Foodberg\Inputs\2026.04.12 Foodberg Pdfs Part 2\2026.04.12 Foodberg Pdfs\1430.pdf,10775674,Failed to open file 'D:\\Arcanum\\Projects\\Foodberg\\Inputs\\2026.04.12 Foodberg Pdfs Part 2\\2026.04.12 Foodberg Pdfs\\1430.pdf' as type pdf.,DRM_ADEPT,Adobe ADEPT DRM (/Filter/EBX_HANDLER). Requires ADE decryption key from original machine.
1436.pdf,D:\Arcanum\Projects\Foodberg\Inputs\2026.04.12 Foodberg Pdfs Part 2\2026.04.12 Foodberg Pdfs\1436.pdf,10068405,Failed to open file 'D:\\Arcanum\\Projects\\Foodberg\\Inputs\\2026.04.12 Foodberg Pdfs Part 2\\2026.04.12 Foodberg Pdfs\\1436.pdf' as type pdf.,DRM_ADEPT,Adobe ADEPT DRM (/Filter/EBX_HANDLER). Requires ADE decryption key from original machine.
1439.pdf,D:\Arcanum\Projects\Foodberg\Inputs\2026.04.12 Foodberg Pdfs Part 2\2026.04.12 Foodberg Pdfs\1439.pdf,6939164,Failed to open file 'D:\\Arcanum\\Projects\\Foodberg\\Inputs\\2026.04.12 Foodberg Pdfs Part 2\\2026.04.12 Foodberg Pdfs\\1439.pdf' as type pdf.,DRM_ADEPT,Adobe ADEPT DRM (/Filter/EBX_HANDLER). Requires ADE decryption key from original machine.
1449.pdf,D:\Arcanum\Projects\Foodberg\Inputs\2026.04.12 Foodberg Pdfs Part 2\2026.04.12 Foodberg Pdfs\1449.pdf,12365056,Failed to open file 'D:\\Arcanum\\Projects\\Foodberg\\Inputs\\2026.04.12 Foodberg Pdfs Part 2\\2026.04.12 Foodberg Pdfs\\1449.pdf' as type pdf.,DRM_ADEPT,Adobe ADEPT DRM (/Filter/EBX_HANDLER). Requires ADE decryption key from original machine.
1450.pdf,D:\Arcanum\Projects\Foodberg\Inputs\2026.04.12 Foodberg Pdfs Part 2\2026.04.12 Foodberg Pdfs\1450.pdf,8579264,,STRUCTURAL,Content stream corruption (truncated/broken compressed streams). Re-download from source.
1455.pdf,D:\Arcanum\Projects\Foodberg\Inputs\2026.04.12 Foodberg Pdfs Part 2\2026.04.12 Foodberg Pdfs\1455.pdf,23766339,Failed to open file 'D:\\Arcanum\\Projects\\Foodberg\\Inputs\\2026.04.12 Foodberg Pdfs Part 2\\2026.04.12 Foodberg Pdfs\\1455.pdf' as type pdf.,DRM_ADEPT,Adobe ADEPT DRM (/Filter/EBX_HANDLER). Requires ADE decryption key from original machine.
1460.pdf,D:\Arcanum\Projects\Foodberg\Inputs\2026.04.12 Foodberg Pdfs Part 2\2026.04.12 Foodberg Pdfs\1460.pdf,40328501,Failed to open file 'D:\\Arcanum\\Projects\\Foodberg\\Inputs\\2026.04.12 Foodberg Pdfs Part 2\\2026.04.12 Foodberg Pdfs\\1460.pdf' as type pdf.,DRM_ADEPT,Adobe ADEPT DRM (/Filter/EBX_HANDLER). Requires ADE decryption key from original machine.
1487.pdf,D:\Arcanum\Projects\Foodberg\Inputs\2026.04.12 Foodberg Pdfs Part 2\2026.04.12 Foodberg Pdfs\1487.pdf,17787375,Failed to open file 'D:\\Arcanum\\Projects\\Foodberg\\Inputs\\2026.04.12 Foodberg Pdfs Part 2\\2026.04.12 Foodberg Pdfs\\1487.pdf' as type pdf.,DRM_ADEPT,Adobe ADEPT DRM (/Filter/EBX_HANDLER). Requires ADE decryption key from original machine.
1490.pdf,D:\Arcanum\Projects\Foodberg\Inputs\2026.04.12 Foodberg Pdfs Part 2\2026.04.12 Foodberg Pdfs\1490.pdf,3738297,Failed to open file 'D:\\Arcanum\\Projects\\Foodberg\\Inputs\\2026.04.12 Foodberg Pdfs Part 2\\2026.04.12 Foodberg Pdfs\\1490.pdf' as type pdf.,DRM_ADEPT,Adobe ADEPT DRM (/Filter/EBX_HANDLER). Requires ADE decryption key from original machine.
1491.pdf,D:\Arcanum\Projects\Foodberg\Inputs\2026.04.12 Foodberg Pdfs Part 2\2026.04.12 Foodberg Pdfs\1491.pdf,6460257,,STRUCTURAL,Content stream corruption (truncated/broken compressed streams). Re-download from source.
1497.pdf,D:\Arcanum\Projects\Foodberg\Inputs\2026.04.12 Foodberg Pdfs Part 2\2026.04.12 Foodberg Pdfs\1497.pdf,520952,,STRUCTURAL,Content stream corruption (truncated/broken compressed streams). Re-download from source.
1504.pdf,D:\Arcanum\Projects\Foodberg\Inputs\2026.04.12 Foodberg Pdfs Part 2\2026.04.12 Foodberg Pdfs\1504.pdf,1134945,,STRUCTURAL,Content stream corruption (truncated/broken compressed streams). Re-download from source.
1505.pdf,D:\Arcanum\Projects\Foodberg\Inputs\2026.04.12 Foodberg Pdfs Part 2\2026.04.12 Foodberg Pdfs\1505.pdf,15458035,Failed to open file 'D:\\Arcanum\\Projects\\Foodberg\\Inputs\\2026.04.12 Foodberg Pdfs Part 2\\2026.04.12 Foodberg Pdfs\\1505.pdf' as type pdf.,DRM_ADEPT,Adobe ADEPT DRM (/Filter/EBX_HANDLER). Requires ADE decryption key from original machine.
1510.pdf,D:\Arcanum\Projects\Foodberg\Inputs\2026.04.12 Foodberg Pdfs Part 2\2026.04.12 Foodberg Pdfs\1510.pdf,5186354,,STRUCTURAL,Content stream corruption (truncated/broken compressed streams). Re-download from source.
1511.pdf,D:\Arcanum\Projects\Foodberg\Inputs\2026.04.12 Foodberg Pdfs Part 2\2026.04.12 Foodberg Pdfs\1511.pdf,14148952,,STRUCTURAL,Content stream corruption (truncated/broken compressed streams). Re-download from source.
1512.pdf,D:\Arcanum\Projects\Foodberg\Inputs\2026.04.12 Foodberg Pdfs Part 2\2026.04.12 Foodberg Pdfs\1512.pdf,4223420,,STRUCTURAL,Content stream corruption (truncated/broken compressed streams). Re-download from source.
1516.pdf,D:\Arcanum\Projects\Foodberg\Inputs\2026.04.12 Foodberg Pdfs Part 2\2026.04.12 Foodberg Pdfs\1516.pdf,13542194,Failed to open file 'D:\\Arcanum\\Projects\\Foodberg\\Inputs\\2026.04.12 Foodberg Pdfs Part 2\\2026.04.12 Foodberg Pdfs\\1516.pdf' as type pdf.,DRM_ADEPT,Adobe ADEPT DRM (/Filter/EBX_HANDLER). Requires ADE decryption key from original machine.
1526.pdf,D:\Arcanum\Projects\Foodberg\Inputs\2026.04.12 Foodberg Pdfs Part 2\2026.04.12 Foodberg Pdfs\1526.pdf,17910747,Failed to open file 'D:\\Arcanum\\Projects\\Foodberg\\Inputs\\2026.04.12 Foodberg Pdfs Part 2\\2026.04.12 Foodberg Pdfs\\1526.pdf' as type pdf.,DRM_ADEPT,Adobe ADEPT DRM (/Filter/EBX_HANDLER). Requires ADE decryption key from original machine.
1530.pdf,D:\Arcanum\Projects\Foodberg\Inputs\2026.04.12 Foodberg Pdfs Part 2\2026.04.12 Foodberg Pdfs\1530.pdf,8159109,,STRUCTURAL,Content stream corruption (truncated/broken compressed streams). Re-download from source.
1532.pdf,D:\Arcanum\Projects\Foodberg\Inputs\2026.04.12 Foodberg Pdfs Part 2\2026.04.12 Foodberg Pdfs\1532.pdf,32999430,Failed to open file 'D:\\Arcanum\\Projects\\Foodberg\\Inputs\\2026.04.12 Foodberg Pdfs Part 2\\2026.04.12 Foodberg Pdfs\\1532.pdf' as type pdf.,DRM_ADEPT,Adobe ADEPT DRM (/Filter/EBX_HANDLER). Requires ADE decryption key from original machine.
1551.pdf,D:\Arcanum\Projects\Foodberg\Inputs\2026.04.12 Foodberg Pdfs Part 2\2026.04.12 Foodberg Pdfs\1551.pdf,37462841,Failed to open file 'D:\\Arcanum\\Projects\\Foodberg\\Inputs\\2026.04.12 Foodberg Pdfs Part 2\\2026.04.12 Foodberg Pdfs\\1551.pdf' as type pdf.,DRM_ADEPT,Adobe ADEPT DRM (/Filter/EBX_HANDLER). Requires ADE decryption key from original machine.
1563.pdf,D:\Arcanum\Projects\Foodberg\Inputs\2026.04.12 Foodberg Pdfs Part 2\2026.04.12 Foodberg Pdfs\1563.pdf,2240064,,STRUCTURAL,Content stream corruption (truncated/broken compressed streams). Re-download from source.
1570.pdf,D:\Arcanum\Projects\Foodberg\Inputs\2026.04.12 Foodberg Pdfs Part 2\2026.04.12 Foodberg Pdfs\1570.pdf,23791651,Failed to open file 'D:\\Arcanum\\Projects\\Foodberg\\Inputs\\2026.04.12 Foodberg Pdfs Part 2\\2026.04.12 Foodberg Pdfs\\1570.pdf' as type pdf.,DRM_ADEPT,Adobe ADEPT DRM (/Filter/EBX_HANDLER). Requires ADE decryption key from original machine.
1572.pdf,D:\Arcanum\Projects\Foodberg\Inputs\2026.04.12 Foodberg Pdfs Part 2\2026.04.12 Foodberg Pdfs\1572.pdf,20366273,Failed to open file 'D:\\Arcanum\\Projects\\Foodberg\\Inputs\\2026.04.12 Foodberg Pdfs Part 2\\2026.04.12 Foodberg Pdfs\\1572.pdf' as type pdf.,DRM_ADEPT,Adobe ADEPT DRM (/Filter/EBX_HANDLER). Requires ADE decryption key from original machine.
1574.pdf,D:\Arcanum\Projects\Foodberg\Inputs\2026.04.12 Foodberg Pdfs Part 2\2026.04.12 Foodberg Pdfs\1574.pdf,16601562,Failed to open file 'D:\\Arcanum\\Projects\\Foodberg\\Inputs\\2026.04.12 Foodberg Pdfs Part 2\\2026.04.12 Foodberg Pdfs\\1574.pdf' as type pdf.,DRM_ADEPT,Adobe ADEPT DRM (/Filter/EBX_HANDLER). Requires ADE decryption key from original machine.
1607.pdf,D:\Arcanum\Projects\Foodberg\Inputs\2026.04.12 Foodberg Pdfs Part 2\2026.04.12 Foodberg Pdfs\1607.pdf,22305892,Failed to open file 'D:\\Arcanum\\Projects\\Foodberg\\Inputs\\2026.04.12 Foodberg Pdfs Part 2\\2026.04.12 Foodberg Pdfs\\1607.pdf' as type pdf.,DRM_ADEPT,Adobe ADEPT DRM (/Filter/EBX_HANDLER). Requires ADE decryption key from original machine.
1612.pdf,D:\Arcanum\Projects\Foodberg\Inputs\2026.04.12 Foodberg Pdfs Part 2\2026.04.12 Foodberg Pdfs\1612.pdf,19279823,Failed to open file 'D:\\Arcanum\\Projects\\Foodberg\\Inputs\\2026.04.12 Foodberg Pdfs Part 2\\2026.04.12 Foodberg Pdfs\\1612.pdf' as type pdf.,DRM_ADEPT,Adobe ADEPT DRM (/Filter/EBX_HANDLER). Requires ADE decryption key from original machine.
1613.pdf,D:\Arcanum\Projects\Foodberg\Inputs\2026.04.12 Foodberg Pdfs Part 2\2026.04.12 Foodberg Pdfs\1613.pdf,16208011,Failed to open file 'D:\\Arcanum\\Projects\\Foodberg\\Inputs\\2026.04.12 Foodberg Pdfs Part 2\\2026.04.12 Foodberg Pdfs\\1613.pdf' as type pdf.,DRM_ADEPT,Adobe ADEPT DRM (/Filter/EBX_HANDLER). Requires ADE decryption key from original machine.
1629.pdf,D:\Arcanum\Projects\Foodberg\Inputs\2026.04.12 Foodberg Pdfs Part 2\2026.04.12 Foodberg Pdfs\1629.pdf,43686944,Failed to open file 'D:\\Arcanum\\Projects\\Foodberg\\Inputs\\2026.04.12 Foodberg Pdfs Part 2\\2026.04.12 Foodberg Pdfs\\1629.pdf' as type pdf.,DRM_ADEPT,Adobe ADEPT DRM (/Filter/EBX_HANDLER). Requires ADE decryption key from original machine.
1631.pdf,D:\Arcanum\Projects\Foodberg\Inputs\2026.04.12 Foodberg Pdfs Part 2\2026.04.12 Foodberg Pdfs\1631.pdf,1048576,,STRUCTURAL,Content stream corruption (truncated/broken compressed streams). Re-download from source.
1634.pdf,D:\Arcanum\Projects\Foodberg\Inputs\2026.04.12 Foodberg Pdfs Part 2\2026.04.12 Foodberg Pdfs\1634.pdf,17483776,Failed to open file 'D:\\Arcanum\\Projects\\Foodberg\\Inputs\\2026.04.12 Foodberg Pdfs Part 2\\2026.04.12 Foodberg Pdfs\\1634.pdf' as type pdf.,DRM_ADEPT,Adobe ADEPT DRM (/Filter/EBX_HANDLER). Requires ADE decryption key from original machine.
1635.pdf,D:\Arcanum\Projects\Foodberg\Inputs\2026.04.12 Foodberg Pdfs Part 2\2026.04.12 Foodberg Pdfs\1635.pdf,44229990,Failed to open file 'D:\\Arcanum\\Projects\\Foodberg\\Inputs\\2026.04.12 Foodberg Pdfs Part 2\\2026.04.12 Foodberg Pdfs\\1635.pdf' as type pdf.,DRM_ADEPT,Adobe ADEPT DRM (/Filter/EBX_HANDLER). Requires ADE decryption key from original machine.
1639.pdf,D:\Arcanum\Projects\Foodberg\Inputs\2026.04.12 Foodberg Pdfs Part 2\2026.04.12 Foodberg Pdfs\1639.pdf,3208407,,STRUCTURAL,Content stream corruption (truncated/broken compressed streams). Re-download from source.
1681.pdf,D:\Arcanum\Projects\Foodberg\Inputs\2026.04.12 Foodberg Pdfs Part 2\2026.04.12 Foodberg Pdfs\1681.pdf,17015372,,STRUCTURAL,Content stream corruption (truncated/broken compressed streams). Re-download from source.
1687.pdf,D:\Arcanum\Projects\Foodberg\Inputs\2026.04.12 Foodberg Pdfs Part 2\2026.04.12 Foodberg Pdfs\1687.pdf,15480644,Failed to open file 'D:\\Arcanum\\Projects\\Foodberg\\Inputs\\2026.04.12 Foodberg Pdfs Part 2\\2026.04.12 Foodberg Pdfs\\1687.pdf' as type pdf.,DRM_ADEPT,Adobe ADEPT DRM (/Filter/EBX_HANDLER). Requires ADE decryption key from original machine.
1695.pdf,D:\Arcanum\Projects\Foodberg\Inputs\2026.04.12 Foodberg Pdfs Part 2\2026.04.12 Foodberg Pdfs\1695.pdf,23479302,Failed to open file 'D:\\Arcanum\\Projects\\Foodberg\\Inputs\\2026.04.12 Foodberg Pdfs Part 2\\2026.04.12 Foodberg Pdfs\\1695.pdf' as type pdf.,DRM_ADEPT,Adobe ADEPT DRM (/Filter/EBX_HANDLER). Requires ADE decryption key from original machine.
1696.pdf,D:\Arcanum\Projects\Foodberg\Inputs\2026.04.12 Foodberg Pdfs Part 2\2026.04.12 Foodberg Pdfs\1696.pdf,3183774,,STRUCTURAL,Content stream corruption (truncated/broken compressed streams). Re-download from source.
1698.pdf,D:\Arcanum\Projects\Foodberg\Inputs\2026.04.12 Foodberg Pdfs Part 2\2026.04.12 Foodberg Pdfs\1698.pdf,16923910,Failed to open file 'D:\\Arcanum\\Projects\\Foodberg\\Inputs\\2026.04.12 Foodberg Pdfs Part 2\\2026.04.12 Foodberg Pdfs\\1698.pdf' as type pdf.,DRM_ADEPT,Adobe ADEPT DRM (/Filter/EBX_HANDLER). Requires ADE decryption key from original machine.
1709.pdf,D:\Arcanum\Projects\Foodberg\Inputs\2026.04.12 Foodberg Pdfs Part 2\2026.04.12 Foodberg Pdfs\1709.pdf,11757543,Failed to open file 'D:\\Arcanum\\Projects\\Foodberg\\Inputs\\2026.04.12 Foodberg Pdfs Part 2\\2026.04.12 Foodberg Pdfs\\1709.pdf' as type pdf.,DRM_ADEPT,Adobe ADEPT DRM (/Filter/EBX_HANDLER). Requires ADE decryption key from original machine.
1713.pdf,D:\Arcanum\Projects\Foodberg\Inputs\2026.04.12 Foodberg Pdfs Part 2\2026.04.12 Foodberg Pdfs\1713.pdf,25949450,Failed to open file 'D:\\Arcanum\\Projects\\Foodberg\\Inputs\\2026.04.12 Foodberg Pdfs Part 2\\2026.04.12 Foodberg Pdfs\\1713.pdf' as type pdf.,DRM_ADEPT,Adobe ADEPT DRM (/Filter/EBX_HANDLER). Requires ADE decryption key from original machine.
1716.pdf,D:\Arcanum\Projects\Foodberg\Inputs\2026.04.12 Foodberg Pdfs Part 2\2026.04.12 Foodberg Pdfs\1716.pdf,40328501,Failed to open file 'D:\\Arcanum\\Projects\\Foodberg\\Inputs\\2026.04.12 Foodberg Pdfs Part 2\\2026.04.12 Foodberg Pdfs\\1716.pdf' as type pdf.,DRM_ADEPT,Adobe ADEPT DRM (/Filter/EBX_HANDLER). Requires ADE decryption key from original machine.
1717.pdf,D:\Arcanum\Projects\Foodberg\Inputs\2026.04.12 Foodberg Pdfs Part 2\2026.04.12 Foodberg Pdfs\1717.pdf,14672625,Failed to open file 'D:\\Arcanum\\Projects\\Foodberg\\Inputs\\2026.04.12 Foodberg Pdfs Part 2\\2026.04.12 Foodberg Pdfs\\1717.pdf' as type pdf.,DRM_ADEPT,Adobe ADEPT DRM (/Filter/EBX_HANDLER). Requires ADE decryption key from original machine.
1720.pdf,D:\Arcanum\Projects\Foodberg\Inputs\2026.04.12 Foodberg Pdfs Part 2\2026.04.12 Foodberg Pdfs\1720.pdf,16932172,Failed to open file 'D:\\Arcanum\\Projects\\Foodberg\\Inputs\\2026.04.12 Foodberg Pdfs Part 2\\2026.04.12 Foodberg Pdfs\\1720.pdf' as type pdf.,DRM_ADEPT,Adobe ADEPT DRM (/Filter/EBX_HANDLER). Requires ADE decryption key from original machine.
1721.pdf,D:\Arcanum\Projects\Foodberg\Inputs\2026.04.12 Foodberg Pdfs Part 2\2026.04.12 Foodberg Pdfs\1721.pdf,2097152,,STRUCTURAL,Content stream corruption (truncated/broken compressed streams). Re-download from source.
1724.pdf,D:\Arcanum\Projects\Foodberg\Inputs\2026.04.12 Foodberg Pdfs Part 2\2026.04.12 Foodberg Pdfs\1724.pdf,14302790,Failed to open file 'D:\\Arcanum\\Projects\\Foodberg\\Inputs\\2026.04.12 Foodberg Pdfs Part 2\\2026.04.12 Foodberg Pdfs\\1724.pdf' as type pdf.,DRM_ADEPT,Adobe ADEPT DRM (/Filter/EBX_HANDLER). Requires ADE decryption key from original machine.
1728.pdf,D:\Arcanum\Projects\Foodberg\Inputs\2026.04.12 Foodberg Pdfs Part 2\2026.04.12 Foodberg Pdfs\1728.pdf,17787375,Failed to open file 'D:\\Arcanum\\Projects\\Foodberg\\Inputs\\2026.04.12 Foodberg Pdfs Part 2\\2026.04.12 Foodberg Pdfs\\1728.pdf' as type pdf.,DRM_ADEPT,Adobe ADEPT DRM (/Filter/EBX_HANDLER). Requires ADE decryption key from original machine.
1740.pdf,D:\Arcanum\Projects\Foodberg\Inputs\2026.04.12 Foodberg Pdfs Part 2\2026.04.12 Foodberg Pdfs\1740.pdf,17297302,Failed to open file 'D:\\Arcanum\\Projects\\Foodberg\\Inputs\\2026.04.12 Foodberg Pdfs Part 2\\2026.04.12 Foodberg Pdfs\\1740.pdf' as type pdf.,DRM_ADEPT,Adobe ADEPT DRM (/Filter/EBX_HANDLER). Requires ADE decryption key from original machine.
1743.pdf,D:\Arcanum\Projects\Foodberg\Inputs\2026.04.12 Foodberg Pdfs Part 2\2026.04.12 Foodberg Pdfs\1743.pdf,35775749,Failed to open file 'D:\\Arcanum\\Projects\\Foodberg\\Inputs\\2026.04.12 Foodberg Pdfs Part 2\\2026.04.12 Foodberg Pdfs\\1743.pdf' as type pdf.,DRM_ADEPT,Adobe ADEPT DRM (/Filter/EBX_HANDLER). Requires ADE decryption key from original machine.
1747.pdf,D:\Arcanum\Projects\Foodberg\Inputs\2026.04.12 Foodberg Pdfs Part 2\2026.04.12 Foodberg Pdfs\1747.pdf,9675635,Failed to open file 'D:\\Arcanum\\Projects\\Foodberg\\Inputs\\2026.04.12 Foodberg Pdfs Part 2\\2026.04.12 Foodberg Pdfs\\1747.pdf' as type pdf.,DRM_ADEPT,Adobe ADEPT DRM (/Filter/EBX_HANDLER). Requires ADE decryption key from original machine.
1748.pdf,D:\Arcanum\Projects\Foodberg\Inputs\2026.04.12 Foodberg Pdfs Part 2\2026.04.12 Foodberg Pdfs\1748.pdf,18141014,Failed to open file 'D:\\Arcanum\\Projects\\Foodberg\\Inputs\\2026.04.12 Foodberg Pdfs Part 2\\2026.04.12 Foodberg Pdfs\\1748.pdf' as type pdf.,DRM_ADEPT,Adobe ADEPT DRM (/Filter/EBX_HANDLER). Requires ADE decryption key from original machine.
1755.pdf,D:\Arcanum\Projects\Foodberg\Inputs\2026.04.12 Foodberg Pdfs Part 2\2026.04.12 Foodberg Pdfs\1755.pdf,14228339,Failed to open file 'D:\\Arcanum\\Projects\\Foodberg\\Inputs\\2026.04.12 Foodberg Pdfs Part 2\\2026.04.12 Foodberg Pdfs\\1755.pdf' as type pdf.,DRM_ADEPT,Adobe ADEPT DRM (/Filter/EBX_HANDLER). Requires ADE decryption key from original machine.
1757.pdf,D:\Arcanum\Projects\Foodberg\Inputs\2026.04.12 Foodberg Pdfs Part 2\2026.04.12 Foodberg Pdfs\1757.pdf,19060047,Failed to open file 'D:\\Arcanum\\Projects\\Foodberg\\Inputs\\2026.04.12 Foodberg Pdfs Part 2\\2026.04.12 Foodberg Pdfs\\1757.pdf' as type pdf.,DRM_ADEPT,Adobe ADEPT DRM (/Filter/EBX_HANDLER). Requires ADE decryption key from original machine.
1762.pdf,D:\Arcanum\Projects\Foodberg\Inputs\2026.04.12 Foodberg Pdfs Part 2\2026.04.12 Foodberg Pdfs\1762.pdf,3145728,,STRUCTURAL,Content stream corruption (truncated/broken compressed streams). Re-download from source.
1763.pdf,D:\Arcanum\Projects\Foodberg\Inputs\2026.04.12 Foodberg Pdfs Part 2\2026.04.12 Foodberg Pdfs\1763.pdf,15941696,Failed to open file 'D:\\Arcanum\\Projects\\Foodberg\\Inputs\\2026.04.12 Foodberg Pdfs Part 2\\2026.04.12 Foodberg Pdfs\\1763.pdf' as type pdf.,DRM_ADEPT,Adobe ADEPT DRM (/Filter/EBX_HANDLER). Requires ADE decryption key from original machine.
1775.pdf,D:\Arcanum\Projects\Foodberg\Inputs\2026.04.12 Foodberg Pdfs Part 2\2026.04.12 Foodberg Pdfs\1775.pdf,2202503,Failed to open file 'D:\\Arcanum\\Projects\\Foodberg\\Inputs\\2026.04.12 Foodberg Pdfs Part 2\\2026.04.12 Foodberg Pdfs\\1775.pdf' as type pdf.,DRM_ADEPT,Adobe ADEPT DRM (/Filter/EBX_HANDLER). Requires ADE decryption key from original machine.
1779.pdf,D:\Arcanum\Projects\Foodberg\Inputs\2026.04.12 Foodberg Pdfs Part 2\2026.04.12 Foodberg Pdfs\1779.pdf,8930898,Failed to open file 'D:\\Arcanum\\Projects\\Foodberg\\Inputs\\2026.04.12 Foodberg Pdfs Part 2\\2026.04.12 Foodberg Pdfs\\1779.pdf' as type pdf.,DRM_ADEPT,Adobe ADEPT DRM (/Filter/EBX_HANDLER). Requires ADE decryption key from original machine.
1786.pdf,D:\Arcanum\Projects\Foodberg\Inputs\2026.04.12 Foodberg Pdfs Part 2\2026.04.12 Foodberg Pdfs\1786.pdf,10733497,Failed to open file 'D:\\Arcanum\\Projects\\Foodberg\\Inputs\\2026.04.12 Foodberg Pdfs Part 2\\2026.04.12 Foodberg Pdfs\\1786.pdf' as type pdf.,DRM_ADEPT,Adobe ADEPT DRM (/Filter/EBX_HANDLER). Requires ADE decryption key from original machine.
1789.pdf,D:\Arcanum\Projects\Foodberg\Inputs\2026.04.12 Foodberg Pdfs Part 2\2026.04.12 Foodberg Pdfs\1789.pdf,16268249,Failed to open file 'D:\\Arcanum\\Projects\\Foodberg\\Inputs\\2026.04.12 Foodberg Pdfs Part 2\\2026.04.12 Foodberg Pdfs\\1789.pdf' as type pdf.,DRM_ADEPT,Adobe ADEPT DRM (/Filter/EBX_HANDLER). Requires ADE decryption key from original machine.
1791.pdf,D:\Arcanum\Projects\Foodberg\Inputs\2026.04.12 Foodberg Pdfs Part 2\2026.04.12 Foodberg Pdfs\1791.pdf,27020633,Failed to open file 'D:\\Arcanum\\Projects\\Foodberg\\Inputs\\2026.04.12 Foodberg Pdfs Part 2\\2026.04.12 Foodberg Pdfs\\1791.pdf' as type pdf.,DRM_ADEPT,Adobe ADEPT DRM (/Filter/EBX_HANDLER). Requires ADE decryption key from original machine.
1809.pdf,D:\Arcanum\Projects\Foodberg\Inputs\2026.04.12 Foodberg Pdfs Part 2\2026.04.12 Foodberg Pdfs\1809.pdf,17155288,Failed to open file 'D:\\Arcanum\\Projects\\Foodberg\\Inputs\\2026.04.12 Foodberg Pdfs Part 2\\2026.04.12 Foodberg Pdfs\\1809.pdf' as type pdf.,DRM_ADEPT,Adobe ADEPT DRM (/Filter/EBX_HANDLER). Requires ADE decryption key from original machine.
1826.pdf,D:\Arcanum\Projects\Foodberg\Inputs\2026.04.12 Foodberg Pdfs Part 2\2026.04.12 Foodberg Pdfs\1826.pdf,3231101,,STRUCTURAL,Content stream corruption (truncated/broken compressed streams). Re-download from source.
1827.pdf,D:\Arcanum\Projects\Foodberg\Inputs\2026.04.12 Foodberg Pdfs Part 2\2026.04.12 Foodberg Pdfs\1827.pdf,12246653,,STRUCTURAL,Content stream corruption (truncated/broken compressed streams). Re-download from source.
1828.pdf,D:\Arcanum\Projects\Foodberg\Inputs\2026.04.12 Foodberg Pdfs Part 2\2026.04.12 Foodberg Pdfs\1828.pdf,30173020,Failed to open file 'D:\\Arcanum\\Projects\\Foodberg\\Inputs\\2026.04.12 Foodberg Pdfs Part 2\\2026.04.12 Foodberg Pdfs\\1828.pdf' as type pdf.,DRM_ADEPT,Adobe ADEPT DRM (/Filter/EBX_HANDLER). Requires ADE decryption key from original machine.
1832.pdf,D:\Arcanum\Projects\Foodberg\Inputs\2026.04.12 Foodberg Pdfs Part 2\2026.04.12 Foodberg Pdfs\1832.pdf,7691144,Failed to open file 'D:\\Arcanum\\Projects\\Foodberg\\Inputs\\2026.04.12 Foodberg Pdfs Part 2\\2026.04.12 Foodberg Pdfs\\1832.pdf' as type pdf.,DRM_ADEPT,Adobe ADEPT DRM (/Filter/EBX_HANDLER). Requires ADE decryption key from original machine.
1836.pdf,D:\Arcanum\Projects\Foodberg\Inputs\2026.04.12 Foodberg Pdfs Part 2\2026.04.12 Foodberg Pdfs\1836.pdf,31631311,Failed to open file 'D:\\Arcanum\\Projects\\Foodberg\\Inputs\\2026.04.12 Foodberg Pdfs Part 2\\2026.04.12 Foodberg Pdfs\\1836.pdf' as type pdf.,DRM_ADEPT,Adobe ADEPT DRM (/Filter/EBX_HANDLER). Requires ADE decryption key from original machine.
1839.pdf,D:\Arcanum\Projects\Foodberg\Inputs\2026.04.12 Foodberg Pdfs Part 2\2026.04.12 Foodberg Pdfs\1839.pdf,17461299,Failed to open file 'D:\\Arcanum\\Projects\\Foodberg\\Inputs\\2026.04.12 Foodberg Pdfs Part 2\\2026.04.12 Foodberg Pdfs\\1839.pdf' as type pdf.,DRM_ADEPT,Adobe ADEPT DRM (/Filter/EBX_HANDLER). Requires ADE decryption key from original machine.
1847.pdf,D:\Arcanum\Projects\Foodberg\Inputs\2026.04.12 Foodberg Pdfs Part 2\2026.04.12 Foodberg Pdfs\1847.pdf,36999481,Failed to open file 'D:\\Arcanum\\Projects\\Foodberg\\Inputs\\2026.04.12 Foodberg Pdfs Part 2\\2026.04.12 Foodberg Pdfs\\1847.pdf' as type pdf.,DRM_ADEPT,Adobe ADEPT DRM (/Filter/EBX_HANDLER). Requires ADE decryption key from original machine.
1848.pdf,D:\Arcanum\Projects\Foodberg\Inputs\2026.04.12 Foodberg Pdfs Part 2\2026.04.12 Foodberg Pdfs\1848.pdf,26129064,Failed to open file 'D:\\Arcanum\\Projects\\Foodberg\\Inputs\\2026.04.12 Foodberg Pdfs Part 2\\2026.04.12 Foodberg Pdfs\\1848.pdf' as type pdf.,DRM_ADEPT,Adobe ADEPT DRM (/Filter/EBX_HANDLER). Requires ADE decryption key from original machine.
1849.pdf,D:\Arcanum\Projects\Foodberg\Inputs\2026.04.12 Foodberg Pdfs Part 2\2026.04.12 Foodberg Pdfs\1849.pdf,72716384,Failed to open file 'D:\\Arcanum\\Projects\\Foodberg\\Inputs\\2026.04.12 Foodberg Pdfs Part 2\\2026.04.12 Foodberg Pdfs\\1849.pdf' as type pdf.,DRM_ADEPT,Adobe ADEPT DRM (/Filter/EBX_HANDLER). Requires ADE decryption key from original machine.
1859.pdf,D:\Arcanum\Projects\Foodberg\Inputs\2026.04.12 Foodberg Pdfs Part 2\2026.04.12 Foodberg Pdfs\1859.pdf,19725291,Failed to open file 'D:\\Arcanum\\Projects\\Foodberg\\Inputs\\2026.04.12 Foodberg Pdfs Part 2\\2026.04.12 Foodberg Pdfs\\1859.pdf' as type pdf.,DRM_ADEPT,Adobe ADEPT DRM (/Filter/EBX_HANDLER). Requires ADE decryption key from original machine.
1868.pdf,D:\Arcanum\Projects\Foodberg\Inputs\2026.04.12 Foodberg Pdfs Part 2\2026.04.12 Foodberg Pdfs\1868.pdf,12587381,Failed to open file 'D:\\Arcanum\\Projects\\Foodberg\\Inputs\\2026.04.12 Foodberg Pdfs Part 2\\2026.04.12 Foodberg Pdfs\\1868.pdf' as type pdf.,DRM_ADEPT,Adobe ADEPT DRM (/Filter/EBX_HANDLER). Requires ADE decryption key from original machine.
1872.pdf,D:\Arcanum\Projects\Foodberg\Inputs\2026.04.12 Foodberg Pdfs Part 2\2026.04.12 Foodberg Pdfs\1872.pdf,2663015,,STRUCTURAL,Content stream corruption (truncated/broken compressed streams). Re-download from source.
1880.pdf,D:\Arcanum\Projects\Foodberg\Inputs\2026.04.12 Foodberg Pdfs Part 2\2026.04.12 Foodberg Pdfs\1880.pdf,19281248,,STRUCTURAL,Content stream corruption (truncated/broken compressed streams). Re-download from source.
1881.pdf,D:\Arcanum\Projects\Foodberg\Inputs\2026.04.12 Foodberg Pdfs Part 2\2026.04.12 Foodberg Pdfs\1881.pdf,4239274,,STRUCTURAL,Content stream corruption (truncated/broken compressed streams). Re-download from source.
1900.pdf,D:\Arcanum\Projects\Foodberg\Inputs\2026.04.12 Foodberg Pdfs Part 2\2026.04.12 Foodberg Pdfs\1900.pdf,17915821,Failed to open file 'D:\\Arcanum\\Projects\\Foodberg\\Inputs\\2026.04.12 Foodberg Pdfs Part 2\\2026.04.12 Foodberg Pdfs\\1900.pdf' as type pdf.,DRM_ADEPT,Adobe ADEPT DRM (/Filter/EBX_HANDLER). Requires ADE decryption key from original machine.
1907.pdf,D:\Arcanum\Projects\Foodberg\Inputs\2026.04.12 Foodberg Pdfs Part 2\2026.04.12 Foodberg Pdfs\1907.pdf,1701005,,STRUCTURAL,Content stream corruption (truncated/broken compressed streams). Re-download from source.
1918.pdf,D:\Arcanum\Projects\Foodberg\Inputs\2026.04.12 Foodberg Pdfs Part 2\2026.04.12 Foodberg Pdfs\1918.pdf,16441255,Failed to open file 'D:\\Arcanum\\Projects\\Foodberg\\Inputs\\2026.04.12 Foodberg Pdfs Part 2\\2026.04.12 Foodberg Pdfs\\1918.pdf' as type pdf.,DRM_ADEPT,Adobe ADEPT DRM (/Filter/EBX_HANDLER). Requires ADE decryption key from original machine.
bp002_Professional_Baking_7th_ed_Gisslen_2016.pdf,D:\Arcanum\Projects\Foodberg\Inputs\cookbook_knowledge_base_2026-04-29\cookbooks_final\bp002_Professional_Baking_7th_ed_Gisslen_2016.pdf,9220096,,STRUCTURAL,Content stream corruption (truncated/broken compressed streams). Re-download from source.
bp004_How_Baking_Works_Figoni_2010.pdf,D:\Arcanum\Projects\Foodberg\Inputs\cookbook_knowledge_base_2026-04-29\cookbooks_final\bp004_How_Baking_Works_Figoni_2010.pdf,3043328,,STRUCTURAL,Content stream corruption (truncated/broken compressed streams). Re-download from source.
bp009_Elements_of_Dessert_Migoya_2012.pdf,D:\Arcanum\Projects\Foodberg\Inputs\cookbook_knowledge_base_2026-04-29\cookbooks_final\bp009_Elements_of_Dessert_Migoya_2012.pdf,39797372,,STRUCTURAL,Content stream corruption (truncated/broken compressed streams). Re-download from source.
ck014_The_French_Laundry_Cookbook_Keller_1999.pdf,D:\Arcanum\Projects\Foodberg\Inputs\cookbook_knowledge_base_2026-04-29\cookbooks_final\ck014_The_French_Laundry_Cookbook_Keller_1999.pdf,2113536,,STRUCTURAL,Content stream corruption (truncated/broken compressed streams). Re-download from source.
ck020_Jerusalem_Ottolenghi_2012.pdf,D:\Arcanum\Projects\Foodberg\Inputs\cookbook_knowledge_base_2026-04-29\cookbooks_final\ck020_Jerusalem_Ottolenghi_2012.pdf,6544820,,STRUCTURAL,Content stream corruption (truncated/broken compressed streams). Re-download from source.
ck034_Ad_Hoc_at_Home_Keller_2009.pdf,D:\Arcanum\Projects\Foodberg\Inputs\cookbook_knowledge_base_2026-04-29\cookbooks_final\ck034_Ad_Hoc_at_Home_Keller_2009.pdf,2293285,,STRUCTURAL,Content stream corruption (truncated/broken compressed streams). Re-download from source.
ck035_Modernist_Cuisine_at_Home_Myhrvold_2012.pdf,D:\Arcanum\Projects\Foodberg\Inputs\cookbook_knowledge_base_2026-04-29\cookbooks_final\ck035_Modernist_Cuisine_at_Home_Myhrvold_2012.pdf,6582432,,STRUCTURAL,Content stream corruption (truncated/broken compressed streams). Re-download from source.
ck054_The_Moosewood_Cookbook_Katzen_1977.pdf,D:\Arcanum\Projects\Foodberg\Inputs\cookbook_knowledge_base_2026-04-29\cookbooks_final\ck054_The_Moosewood_Cookbook_Katzen_1977.pdf,33306501,,STRUCTURAL,Content stream corruption (truncated/broken compressed streams). Re-download from source.
ck065_Charcuterie_The_Craft_of_Salting_Smoking_and_Curing_Ruhlman_2005.pdf,D:\Arcanum\Projects\Foodberg\Inputs\cookbook_knowledge_base_2026-04-29\cookbooks_final\ck065_Charcuterie_The_Craft_of_Salting_Smoking_and_Curing_Ruhlman_2005.pdf,7897088,,STRUCTURAL,Content stream corruption (truncated/broken compressed streams). Re-download from source.
ck077_On_Cooking_A_Textbook_of_Culinary_Fundamentals_Hause_2018.pdf,D:\Arcanum\Projects\Foodberg\Inputs\cookbook_knowledge_base_2026-04-29\cookbooks_final\ck077_On_Cooking_A_Textbook_of_Culinary_Fundamentals_Hause_2018.pdf,44089908,,STRUCTURAL,Content stream corruption (truncated/broken compressed streams). Re-download from source.
fh001_Consider_the_Fork_History_of_How_We_Cook_and_Eat_Wilson_2012.pdf,D:\Arcanum\Projects\Foodberg\Inputs\cookbook_knowledge_base_2026-04-29\cookbooks_final\fh001_Consider_the_Fork_History_of_How_We_Cook_and_Eat_Wilson_2012.pdf,7138234,,STRUCTURAL,Content stream corruption (truncated/broken compressed streams). Re-download from source.
fh004_Cuisine_and_Empire_Laudan_2013.pdf,D:\Arcanum\Projects\Foodberg\Inputs\cookbook_knowledge_base_2026-04-29\cookbooks_final\fh004_Cuisine_and_Empire_Laudan_2013.pdf,8455863,,STRUCTURAL,Content stream corruption (truncated/broken compressed streams). Re-download from source.
fh007_Cod_A_Biography_of_the_Fish_that_Changed_the_World_Kurlansky_1997.pdf,D:\Arcanum\Projects\Foodberg\Inputs\cookbook_knowledge_base_2026-04-29\cookbooks_final\fh007_Cod_A_Biography_of_the_Fish_that_Changed_the_World_Kurlansky_1997.pdf,7839744,,STRUCTURAL,Content stream corruption (truncated/broken compressed streams). Re-download from source.
fs003_Essentials_of_Food_Science_5th_ed_Christian_2020.pdf,D:\Arcanum\Projects\Foodberg\Inputs\cookbook_knowledge_base_2026-04-29\cookbooks_final\fs003_Essentials_of_Food_Science_5th_ed_Christian_2020.pdf,12129292,,STRUCTURAL,Content stream corruption (truncated/broken compressed streams). Re-download from source.
fs006_Food_Microbiology_An_Introduction_3rd_ed_Matthews_2012.pdf,D:\Arcanum\Projects\Foodberg\Inputs\cookbook_knowledge_base_2026-04-29\cookbooks_final\fs006_Food_Microbiology_An_Introduction_3rd_ed_Matthews_2012.pdf,21143552,Failed to open file 'D:\\Arcanum\\Projects\\Foodberg\\Inputs\\cookbook_knowledge_base_2026-04-29\\cookbooks_final\\fs006_Food_Microbiology_An_Introduction_3rd_ed_Matthews_2012.pdf' as type pdf.,DRM_ADEPT,Adobe ADEPT DRM (/Filter/EBX_HANDLER). Requires ADE decryption key from original machine.
fs009_Food_Science_5th_ed_Potter_1995.pdf,D:\Arcanum\Projects\Foodberg\Inputs\cookbook_knowledge_base_2026-04-29\cookbooks_final\fs009_Food_Science_5th_ed_Potter_1995.pdf,6939840,,STRUCTURAL,Content stream corruption (truncated/broken compressed streams). Re-download from source.
fs026_Building_a_Meal_This_2009.pdf,D:\Arcanum\Projects\Foodberg\Inputs\cookbook_knowledge_base_2026-04-29\cookbooks_final\fs026_Building_a_Meal_This_2009.pdf,4954536,,STRUCTURAL,Content stream corruption (truncated/broken compressed streams). Re-download from source.
